[2025-07-21 10:55:08] [INFO] Iniciando detector de archivos duplicados - Acción: scan
[2025-07-21 10:55:08] [INFO] Configuración cargada desde /home/proyectos/Insync/alvaroangelm@iepedacitodecielo.edu.co/Google Drive/RepositorioMatematicasICFES_R_Exams/Auxiliares/Estructura-Repositorio/Optimizacion-BackUps-Almacenamiento/04-sync-config.conf
[2025-07-21 10:55:08] [INFO] Iniciando búsqueda de archivos duplicados...
[2025-07-21 10:55:20] [INFO] Encontrados 728 nombres de archivo duplicados
[2025-07-21 10:55:20] [DEBUG] Procesando grupo 1: 00_INDICE_OPTIMIZACION_MANJARO.html
[2025-07-21 10:55:20] [INFO] Grupo 1 creado: 00_INDICE_OPTIMIZACION_MANJARO.html (2 archivos)
[2025-07-21 10:55:20] [DEBUG] Procesando grupo 2: 00_INDICE_OPTIMIZACION_MANJARO.md
[2025-07-21 10:55:20] [INFO] Grupo 2 creado: 00_INDICE_OPTIMIZACION_MANJARO.md (2 archivos)
[2025-07-21 10:55:20] [DEBUG] Procesando grupo 3: 00.png
[2025-07-21 10:55:20] [INFO] Grupo 3 creado: 00.png (2 archivos)
[2025-07-21 10:55:20] [DEBUG] Procesando grupo 4: 01a.png
[2025-07-21 10:55:20] [INFO] Grupo 4 creado: 01a.png (2 archivos)
[2025-07-21 10:55:20] [DEBUG] Procesando grupo 5: 01b.png
[2025-07-21 10:55:20] [INFO] Grupo 5 creado: 01b.png (2 archivos)
[2025-07-21 10:55:20] [DEBUG] Procesando grupo 6: 01-ejecutar_pruebas_grafico_circular.R
[2025-07-21 10:55:20] [INFO] Grupo 6 creado: 01-ejecutar_pruebas_grafico_circular.R (2 archivos)
[2025-07-21 10:55:20] [DEBUG] Procesando grupo 7: 01_GUIA_OPTIMIZACION_MANJARO.md
[2025-07-21 10:55:20] [INFO] Grupo 7 creado: 01_GUIA_OPTIMIZACION_MANJARO.md (2 archivos)
[2025-07-21 10:55:20] [DEBUG] Procesando grupo 8: 01.jpg
[2025-07-21 10:55:20] [INFO] Grupo 8 creado: 01.jpg (4 archivos)
[2025-07-21 10:55:20] [DEBUG] Procesando grupo 9: 01.pdf
[2025-07-21 10:55:20] [INFO] Grupo 9 creado: 01.pdf (2 archivos)
[2025-07-21 10:55:20] [DEBUG] Procesando grupo 10: 01.png
[2025-07-21 10:55:20] [INFO] Grupo 10 creado: 01.png (50 archivos)
[2025-07-21 10:55:20] [DEBUG] Procesando grupo 11: 01-S2-2025-SEDQ-grafico_circular_bienes_cloze_v1.Rmd
[2025-07-21 10:55:20] [INFO] Grupo 11 creado: 01-S2-2025-SEDQ-grafico_circular_bienes_cloze_v1.Rmd (2 archivos)
[2025-07-21 10:55:20] [DEBUG] Procesando grupo 12: 01-S2-2025-SEDQ-grafico_circular_bienes_v0.html
[2025-07-21 10:55:20] [INFO] Grupo 12 creado: 01-S2-2025-SEDQ-grafico_circular_bienes_v0.html (2 archivos)
[2025-07-21 10:55:20] [DEBUG] Procesando grupo 13: 01-S2-2025-SEDQ-grafico_circular_bienes_v0.Rmd
[2025-07-21 10:55:20] [INFO] Grupo 13 creado: 01-S2-2025-SEDQ-grafico_circular_bienes_v0.Rmd (3 archivos)
[2025-07-21 10:55:20] [DEBUG] Procesando grupo 14: 01-S2-2025-SEDQ-grafico_circular_bienes_v0_.xml
[2025-07-21 10:55:20] [INFO] Grupo 14 creado: 01-S2-2025-SEDQ-grafico_circular_bienes_v0_.xml (2 archivos)
[2025-07-21 10:55:20] [DEBUG] Procesando grupo 15: 02_monitor_rendimiento.sh
[2025-07-21 10:55:20] [INFO] Grupo 15 creado: 02_monitor_rendimiento.sh (2 archivos)
[2025-07-21 10:55:20] [DEBUG] Procesando grupo 16: 02.pdf
[2025-07-21 10:55:20] [INFO] Grupo 16 creado: 02.pdf (2 archivos)
[2025-07-21 10:55:20] [DEBUG] Procesando grupo 17: 02.png
[2025-07-21 10:55:20] [INFO] Grupo 17 creado: 02.png (31 archivos)
[2025-07-21 10:55:20] [DEBUG] Procesando grupo 18: 02-S2-2025-SEDQ-grafico_circular_bienes_cloze_v1.html
[2025-07-21 10:55:20] [INFO] Grupo 18 creado: 02-S2-2025-SEDQ-grafico_circular_bienes_cloze_v1.html (2 archivos)
[2025-07-21 10:55:20] [DEBUG] Procesando grupo 19: 02-S2-2025-SEDQ-grafico_circular_bienes_cloze_v1_.xml
[2025-07-21 10:55:20] [INFO] Grupo 19 creado: 02-S2-2025-SEDQ-grafico_circular_bienes_cloze_v1_.xml (2 archivos)
[2025-07-21 10:55:20] [DEBUG] Procesando grupo 20: 02-S2-2025-SEDQ-grafico_circular_bienes_v0.html
[2025-07-21 10:55:20] [INFO] Grupo 20 creado: 02-S2-2025-SEDQ-grafico_circular_bienes_v0.html (2 archivos)
[2025-07-21 10:55:20] [DEBUG] Procesando grupo 21: 03_COMANDOS_OPTIMIZACION_INMEDIATA.md
[2025-07-21 10:55:20] [INFO] Grupo 21 creado: 03_COMANDOS_OPTIMIZACION_INMEDIATA.md (2 archivos)
[2025-07-21 10:55:20] [DEBUG] Procesando grupo 22: 03.pdf
[2025-07-21 10:55:20] [INFO] Grupo 22 creado: 03.pdf (2 archivos)
[2025-07-21 10:55:20] [DEBUG] Procesando grupo 23: 03.png
[2025-07-21 10:55:20] [INFO] Grupo 23 creado: 03.png (14 archivos)
[2025-07-21 10:55:20] [DEBUG] Procesando grupo 24: 03-S2-2025-SEDQ-grafico_circular_bienes_cloze.html
[2025-07-21 10:55:20] [INFO] Grupo 24 creado: 03-S2-2025-SEDQ-grafico_circular_bienes_cloze.html (2 archivos)
[2025-07-21 10:55:20] [DEBUG] Procesando grupo 25: 04_EJECUTAR_OPTIMIZACION_COMPLETA.sh
[2025-07-21 10:55:20] [INFO] Grupo 25 creado: 04_EJECUTAR_OPTIMIZACION_COMPLETA.sh (2 archivos)
[2025-07-21 10:55:20] [DEBUG] Procesando grupo 26: 04.pdf
[2025-07-21 10:55:20] [INFO] Grupo 26 creado: 04.pdf (2 archivos)
[2025-07-21 10:55:20] [DEBUG] Procesando grupo 27: 04.png
[2025-07-21 10:55:20] [INFO] Grupo 27 creado: 04.png (15 archivos)
[2025-07-21 10:55:20] [DEBUG] Procesando grupo 28: 05_optimizacion_manjaro_avanzado.sh
[2025-07-21 10:55:20] [INFO] Grupo 28 creado: 05_optimizacion_manjaro_avanzado.sh (2 archivos)
[2025-07-21 10:55:20] [DEBUG] Procesando grupo 29: 05.png
[2025-07-21 10:55:20] [INFO] Grupo 29 creado: 05.png (14 archivos)
[2025-07-21 10:55:20] [DEBUG] Procesando grupo 30: 05-S2-205-SEDQ-clasificacion_torneo_futbol_v1.Rmd
[2025-07-21 10:55:20] [INFO] Grupo 30 creado: 05-S2-205-SEDQ-clasificacion_torneo_futbol_v1.Rmd (2 archivos)
[2025-07-21 10:55:20] [DEBUG] Procesando grupo 31: 05-S2-205-SEDQ-clasificacion_torneo_futbol_v2.html
[2025-07-21 10:55:20] [INFO] Grupo 31 creado: 05-S2-205-SEDQ-clasificacion_torneo_futbol_v2.html (2 archivos)
[2025-07-21 10:55:20] [DEBUG] Procesando grupo 32: 05-S2-205-SEDQ-clasificacion_torneo_futbol_v2.pdf
[2025-07-21 10:55:20] [INFO] Grupo 32 creado: 05-S2-205-SEDQ-clasificacion_torneo_futbol_v2.pdf (2 archivos)
[2025-07-21 10:55:20] [DEBUG] Procesando grupo 33: 05-S2-205-SEDQ-clasificacion_torneo_futbol_v2.Rmd
[2025-07-21 10:55:20] [INFO] Grupo 33 creado: 05-S2-205-SEDQ-clasificacion_torneo_futbol_v2.Rmd (2 archivos)
[2025-07-21 10:55:20] [DEBUG] Procesando grupo 34: 05-S2-205-SEDQ-clasificacion_torneo_futbol_v3.html
[2025-07-21 10:55:20] [INFO] Grupo 34 creado: 05-S2-205-SEDQ-clasificacion_torneo_futbol_v3.html (2 archivos)
[2025-07-21 10:55:20] [DEBUG] Procesando grupo 35: 05-S2-205-SEDQ-clasificacion_torneo_futbol_v3.Rmd
[2025-07-21 10:55:20] [INFO] Grupo 35 creado: 05-S2-205-SEDQ-clasificacion_torneo_futbol_v3.Rmd (2 archivos)
[2025-07-21 10:55:20] [DEBUG] Procesando grupo 36: 06_EJECUTAR_EN_TERMINAL_PRINCIPAL.sh
[2025-07-21 10:55:20] [INFO] Grupo 36 creado: 06_EJECUTAR_EN_TERMINAL_PRINCIPAL.sh (2 archivos)
[2025-07-21 10:55:20] [DEBUG] Procesando grupo 37: 06.png
[2025-07-21 10:55:20] [INFO] Grupo 37 creado: 06.png (4 archivos)
[2025-07-21 10:55:20] [DEBUG] Procesando grupo 38: 07.html
[2025-07-21 10:55:20] [INFO] Grupo 38 creado: 07.html (2 archivos)
[2025-07-21 10:55:20] [DEBUG] Procesando grupo 39: 07.jpg
[2025-07-21 10:55:20] [INFO] Grupo 39 creado: 07.jpg (2 archivos)
[2025-07-21 10:55:20] [DEBUG] Procesando grupo 40: 07_NOVEDADES_Y_ACTUALIZACIONES.md
[2025-07-21 10:55:20] [INFO] Grupo 40 creado: 07_NOVEDADES_Y_ACTUALIZACIONES.md (2 archivos)
[2025-07-21 10:55:20] [DEBUG] Procesando grupo 41: 07.pdf
[2025-07-21 10:55:20] [INFO] Grupo 41 creado: 07.pdf (2 archivos)
[2025-07-21 10:55:20] [DEBUG] Procesando grupo 42: 07.png
[2025-07-21 10:55:20] [INFO] Grupo 42 creado: 07.png (2 archivos)
[2025-07-21 10:55:20] [DEBUG] Procesando grupo 43: 10A-Matemáticas_Evaluacion_Fin_de_Periodo_21.pdf
[2025-07-21 10:55:20] [INFO] Grupo 43 creado: 10A-Matemáticas_Evaluacion_Fin_de_Periodo_21.pdf (2 archivos)
[2025-07-21 10:55:20] [DEBUG] Procesando grupo 44: 10A-Matemáticas_Evaluacion_Fin_de_Periodo_2_sol1.pdf
[2025-07-21 10:55:20] [INFO] Grupo 44 creado: 10A-Matemáticas_Evaluacion_Fin_de_Periodo_2_sol1.pdf (2 archivos)
[2025-07-21 10:55:20] [DEBUG] Procesando grupo 45: 10B-Matemáticas_Evaluacion_Fin_de_Periodo_21.pdf
[2025-07-21 10:55:20] [INFO] Grupo 45 creado: 10B-Matemáticas_Evaluacion_Fin_de_Periodo_21.pdf (2 archivos)
[2025-07-21 10:55:20] [DEBUG] Procesando grupo 46: 10B-Matemáticas_Evaluacion_Fin_de_Periodo_2_sol1.pdf
[2025-07-21 10:55:20] [INFO] Grupo 46 creado: 10B-Matemáticas_Evaluacion_Fin_de_Periodo_2_sol1.pdf (2 archivos)
[2025-07-21 10:55:20] [DEBUG] Procesando grupo 47: 11A-Matemáticas_Evaluacion_Fin_de_Periodo_21.pdf
[2025-07-21 10:55:20] [INFO] Grupo 47 creado: 11A-Matemáticas_Evaluacion_Fin_de_Periodo_21.pdf (2 archivos)
[2025-07-21 10:55:20] [DEBUG] Procesando grupo 48: 11A-Matemáticas_Evaluacion_Fin_de_Periodo_2_sol1.pdf
[2025-07-21 10:55:20] [INFO] Grupo 48 creado: 11A-Matemáticas_Evaluacion_Fin_de_Periodo_2_sol1.pdf (2 archivos)
[2025-07-21 10:55:20] [DEBUG] Procesando grupo 49: 11B-Matemáticas_Evaluacion_Fin_de_Periodo_21.pdf
[2025-07-21 10:55:20] [INFO] Grupo 49 creado: 11B-Matemáticas_Evaluacion_Fin_de_Periodo_21.pdf (2 archivos)
[2025-07-21 10:55:20] [DEBUG] Procesando grupo 50: 11B-Matemáticas_Evaluacion_Fin_de_Periodo_2_sol1.pdf
[2025-07-21 10:55:20] [INFO] Grupo 50 creado: 11B-Matemáticas_Evaluacion_Fin_de_Periodo_2_sol1.pdf (2 archivos)
[2025-07-21 10:55:20] [DEBUG] Procesando grupo 51: 11_C01_G09_2020_Tipo1.Rmd
[2025-07-21 10:55:20] [INFO] Grupo 51 creado: 11_C01_G09_2020_Tipo1.Rmd (2 archivos)
[2025-07-21 10:55:20] [DEBUG] Procesando grupo 52: 11.html
[2025-07-21 10:55:20] [INFO] Grupo 52 creado: 11.html (2 archivos)
[2025-07-21 10:55:20] [DEBUG] Procesando grupo 53: 11.md
[2025-07-21 10:55:20] [INFO] Grupo 53 creado: 11.md (2 archivos)
[2025-07-21 10:55:20] [DEBUG] Procesando grupo 54: 16.html
[2025-07-21 10:55:20] [INFO] Grupo 54 creado: 16.html (2 archivos)
[2025-07-21 10:55:20] [DEBUG] Procesando grupo 55: 16.md
[2025-07-21 10:55:20] [INFO] Grupo 55 creado: 16.md (2 archivos)
[2025-07-21 10:55:20] [DEBUG] Procesando grupo 56: 16.pdf
[2025-07-21 10:55:20] [INFO] Grupo 56 creado: 16.pdf (2 archivos)
[2025-07-21 10:55:20] [DEBUG] Procesando grupo 57: 17_2.Rmd
[2025-07-21 10:55:20] [INFO] Grupo 57 creado: 17_2.Rmd (2 archivos)
[2025-07-21 10:55:20] [DEBUG] Procesando grupo 58: 17.html
[2025-07-21 10:55:20] [INFO] Grupo 58 creado: 17.html (2 archivos)
[2025-07-21 10:55:20] [DEBUG] Procesando grupo 59: 17.md
[2025-07-21 10:55:20] [INFO] Grupo 59 creado: 17.md (2 archivos)
[2025-07-21 10:55:20] [DEBUG] Procesando grupo 60: 17.R
[2025-07-21 10:55:20] [INFO] Grupo 60 creado: 17.R (2 archivos)
[2025-07-21 10:55:20] [DEBUG] Procesando grupo 61: 2021-Cuadernillo-Matematicas-11-2.pdf
[2025-07-21 10:55:20] [INFO] Grupo 61 creado: 2021-Cuadernillo-Matematicas-11-2.pdf (2 archivos)
[2025-07-21 10:55:20] [DEBUG] Procesando grupo 62: 2021-Guia_PC-Matematicas-11-2.pdf
[2025-07-21 10:55:20] [INFO] Grupo 62 creado: 2021-Guia_PC-Matematicas-11-2.pdf (2 archivos)
[2025-07-21 10:55:20] [DEBUG] Procesando grupo 63: 2023-Matematicas-11-1.pdf
[2025-07-21 10:55:20] [INFO] Grupo 63 creado: 2023-Matematicas-11-1.pdf (2 archivos)
[2025-07-21 10:55:20] [DEBUG] Procesando grupo 64: 2023-Matematicas-11-2-04.html
[2025-07-21 10:55:20] [INFO] Grupo 64 creado: 2023-Matematicas-11-2-04.html (2 archivos)
[2025-07-21 10:55:20] [DEBUG] Procesando grupo 65: 2023-Matematicas-11-2-04.md
[2025-07-21 10:55:20] [INFO] Grupo 65 creado: 2023-Matematicas-11-2-04.md (2 archivos)
[2025-07-21 10:55:20] [DEBUG] Procesando grupo 66: 2023-Matematicas-11-2-04-Op-B-V2.Rmd
[2025-07-21 10:55:20] [INFO] Grupo 66 creado: 2023-Matematicas-11-2-04-Op-B-V2.Rmd (2 archivos)
[2025-07-21 10:55:20] [DEBUG] Procesando grupo 67: 2023-Matematicas-11-2-04-Op-C.html
[2025-07-21 10:55:20] [INFO] Grupo 67 creado: 2023-Matematicas-11-2-04-Op-C.html (2 archivos)
[2025-07-21 10:55:20] [DEBUG] Procesando grupo 68: 2023-Matematicas-11-2-04-Op-C.pdf
[2025-07-21 10:55:20] [INFO] Grupo 68 creado: 2023-Matematicas-11-2-04-Op-C.pdf (2 archivos)
[2025-07-21 10:55:20] [DEBUG] Procesando grupo 69: 2023-Matematicas-11-2-04-Op-C.Rmd
[2025-07-21 10:55:20] [INFO] Grupo 69 creado: 2023-Matematicas-11-2-04-Op-C.Rmd (3 archivos)
[2025-07-21 10:55:20] [DEBUG] Procesando grupo 70: 2023-Matematicas-11-2-04-Op-C-V2.Rmd
[2025-07-21 10:55:20] [INFO] Grupo 70 creado: 2023-Matematicas-11-2-04-Op-C-V2.Rmd (2 archivos)
[2025-07-21 10:55:20] [DEBUG] Procesando grupo 71: 2023-Matematicas-11-2-04-Op-D.Rmd
[2025-07-21 10:55:20] [INFO] Grupo 71 creado: 2023-Matematicas-11-2-04-Op-D.Rmd (2 archivos)
[2025-07-21 10:55:20] [DEBUG] Procesando grupo 72: 2023-Matematicas-11-2-04-Op-D-V2.Rmd
[2025-07-21 10:55:20] [INFO] Grupo 72 creado: 2023-Matematicas-11-2-04-Op-D-V2.Rmd (2 archivos)
[2025-07-21 10:55:20] [DEBUG] Procesando grupo 73: 2023-Matematicas-11-2-04.pdf
[2025-07-21 10:55:20] [INFO] Grupo 73 creado: 2023-Matematicas-11-2-04.pdf (3 archivos)
[2025-07-21 10:55:20] [DEBUG] Procesando grupo 74: 2023-Matematicas-11-2-04.png
[2025-07-21 10:55:20] [INFO] Grupo 74 creado: 2023-Matematicas-11-2-04.png (2 archivos)
[2025-07-21 10:55:20] [DEBUG] Procesando grupo 75: 2023-Matematicas-11-2-09.html
[2025-07-21 10:55:20] [INFO] Grupo 75 creado: 2023-Matematicas-11-2-09.html (2 archivos)
[2025-07-21 10:55:20] [DEBUG] Procesando grupo 76: 2023-Matematicas-11-2-09.md
[2025-07-21 10:55:20] [INFO] Grupo 76 creado: 2023-Matematicas-11-2-09.md (2 archivos)
[2025-07-21 10:55:20] [DEBUG] Procesando grupo 77: 2023-Matematicas-11-2-09-Opc-A.Rmd
[2025-07-21 10:55:20] [INFO] Grupo 77 creado: 2023-Matematicas-11-2-09-Opc-A.Rmd (4 archivos)
[2025-07-21 10:55:20] [DEBUG] Procesando grupo 78: 2023-Matematicas-11-2-09-Opc-A_.xml
[2025-07-21 10:55:20] [INFO] Grupo 78 creado: 2023-Matematicas-11-2-09-Opc-A_.xml (6 archivos)
[2025-07-21 10:55:20] [DEBUG] Procesando grupo 79: 2023-Matematicas-11-2-09-Opc-B.Rmd
[2025-07-21 10:55:20] [INFO] Grupo 79 creado: 2023-Matematicas-11-2-09-Opc-B.Rmd (4 archivos)
[2025-07-21 10:55:20] [DEBUG] Procesando grupo 80: 2023-Matematicas-11-2-09-Opc-B_.xml
[2025-07-21 10:55:20] [INFO] Grupo 80 creado: 2023-Matematicas-11-2-09-Opc-B_.xml (6 archivos)
[2025-07-21 10:55:20] [DEBUG] Procesando grupo 81: 2023-Matematicas-11-2-09-Op-C.Rmd
[2025-07-21 10:55:20] [INFO] Grupo 81 creado: 2023-Matematicas-11-2-09-Op-C.Rmd (3 archivos)
[2025-07-21 10:55:20] [DEBUG] Procesando grupo 82: 2023-Matematicas-11-2-09-Op-C.xml
[2025-07-21 10:55:20] [INFO] Grupo 82 creado: 2023-Matematicas-11-2-09-Op-C.xml (6 archivos)
[2025-07-21 10:55:20] [DEBUG] Procesando grupo 83: 2023-Matematicas-11-2-09-Op-D.Rmd
[2025-07-21 10:55:20] [INFO] Grupo 83 creado: 2023-Matematicas-11-2-09-Op-D.Rmd (3 archivos)
[2025-07-21 10:55:20] [DEBUG] Procesando grupo 84: 2023-Matematicas-11-2-09-Op-D_.xml
[2025-07-21 10:55:20] [INFO] Grupo 84 creado: 2023-Matematicas-11-2-09-Op-D_.xml (6 archivos)
[2025-07-21 10:55:20] [DEBUG] Procesando grupo 85: 2023-Matematicas-11-2-09-Op-M.Rmd
[2025-07-21 10:55:20] [INFO] Grupo 85 creado: 2023-Matematicas-11-2-09-Op-M.Rmd (2 archivos)
[2025-07-21 10:55:20] [DEBUG] Procesando grupo 86: 2023-Matematicas-11-2-09.pdf
[2025-07-21 10:55:20] [INFO] Grupo 86 creado: 2023-Matematicas-11-2-09.pdf (6 archivos)
[2025-07-21 10:55:20] [DEBUG] Procesando grupo 87: 2025-04-19_17-02.png
[2025-07-21 10:55:20] [INFO] Grupo 87 creado: 2025-04-19_17-02.png (2 archivos)
[2025-07-21 10:55:20] [DEBUG] Procesando grupo 88: 2025-04-25_16-40.png
[2025-07-21 10:55:20] [INFO] Grupo 88 creado: 2025-04-25_16-40.png (2 archivos)
[2025-07-21 10:55:20] [DEBUG] Procesando grupo 89: 36.pdf
[2025-07-21 10:55:20] [INFO] Grupo 89 creado: 36.pdf (2 archivos)
[2025-07-21 10:55:20] [DEBUG] Procesando grupo 90: 36.Rmd
[2025-07-21 10:55:20] [INFO] Grupo 90 creado: 36.Rmd (2 archivos)
[2025-07-21 10:55:20] [DEBUG] Procesando grupo 91: 39.html
[2025-07-21 10:55:20] [INFO] Grupo 91 creado: 39.html (2 archivos)
[2025-07-21 10:55:20] [DEBUG] Procesando grupo 92: 39.pdf
[2025-07-21 10:55:20] [INFO] Grupo 92 creado: 39.pdf (2 archivos)
[2025-07-21 10:55:20] [DEBUG] Procesando grupo 93: 39.Rmd
[2025-07-21 10:55:20] [INFO] Grupo 93 creado: 39.Rmd (2 archivos)
[2025-07-21 10:55:20] [DEBUG] Procesando grupo 94: accidentalidad-vial-genero-01.html
[2025-07-21 10:55:20] [INFO] Grupo 94 creado: accidentalidad-vial-genero-01.html (2 archivos)
[2025-07-21 10:55:20] [DEBUG] Procesando grupo 95: accidentalidad-vial-genero-01.pdf
[2025-07-21 10:55:20] [INFO] Grupo 95 creado: accidentalidad-vial-genero-01.pdf (2 archivos)
[2025-07-21 10:55:20] [DEBUG] Procesando grupo 96: accidentalidad-vial-genero-01.Rmd
[2025-07-21 10:55:20] [INFO] Grupo 96 creado: accidentalidad-vial-genero-01.Rmd (2 archivos)
[2025-07-21 10:55:20] [DEBUG] Procesando grupo 97: accidentalidad-vial-genero-02.Rmd
[2025-07-21 10:55:20] [INFO] Grupo 97 creado: accidentalidad-vial-genero-02.Rmd (2 archivos)
[2025-07-21 10:55:20] [DEBUG] Procesando grupo 98: ACTUALIZACION_ANCHO_DUPLICADO.md
[2025-07-21 10:55:20] [INFO] Grupo 98 creado: ACTUALIZACION_ANCHO_DUPLICADO.md (2 archivos)
[2025-07-21 10:55:20] [DEBUG] Procesando grupo 99: actualizar_metadatos_icfes.R
[2025-07-21 10:55:20] [INFO] Grupo 99 creado: actualizar_metadatos_icfes.R (2 archivos)
[2025-07-21 10:55:20] [DEBUG] Procesando grupo 100: ahorro_interpretacion_representacion_n3_v1_1.pdf
[2025-07-21 10:55:20] [INFO] Grupo 100 creado: ahorro_interpretacion_representacion_n3_v1_1.pdf (2 archivos)
[2025-07-21 10:55:20] [DEBUG] Procesando grupo 101: ahorro_interpretacion_representacion_n3_v1_nops_1.pdf
[2025-07-21 10:55:20] [INFO] Grupo 101 creado: ahorro_interpretacion_representacion_n3_v1_nops_1.pdf (2 archivos)
[2025-07-21 10:55:20] [DEBUG] Procesando grupo 102: all_07.png
[2025-07-21 10:55:20] [INFO] Grupo 102 creado: all_07.png (2 archivos)
[2025-07-21 10:55:20] [DEBUG] Procesando grupo 103: all0.png
[2025-07-21 10:55:20] [INFO] Grupo 103 creado: all0.png (2 archivos)
[2025-07-21 10:55:20] [DEBUG] Procesando grupo 104: all1.png
[2025-07-21 10:55:20] [INFO] Grupo 104 creado: all1.png (3 archivos)
[2025-07-21 10:55:20] [DEBUG] Procesando grupo 105: all2.png
[2025-07-21 10:55:20] [INFO] Grupo 105 creado: all2.png (7 archivos)
[2025-07-21 10:55:20] [DEBUG] Procesando grupo 106: all.jpg
[2025-07-21 10:55:20] [INFO] Grupo 106 creado: all.jpg (3 archivos)
[2025-07-21 10:55:20] [DEBUG] Procesando grupo 107: all.png
[2025-07-21 10:55:20] [INFO] Grupo 107 creado: all.png (78 archivos)
[2025-07-21 10:55:20] [DEBUG] Procesando grupo 108: allq.png
[2025-07-21 10:55:20] [INFO] Grupo 108 creado: allq.png (2 archivos)
[2025-07-21 10:55:20] [DEBUG] Procesando grupo 109: anova.txt
[2025-07-21 10:55:20] [INFO] Grupo 109 creado: anova.txt (4 archivos)
[2025-07-21 10:55:20] [DEBUG] Procesando grupo 110: A.png
[2025-07-21 10:55:20] [INFO] Grupo 110 creado: A.png (7 archivos)
[2025-07-21 10:55:20] [DEBUG] Procesando grupo 111: apply_diff_guidelines.md
[2025-07-21 10:55:20] [INFO] Grupo 111 creado: apply_diff_guidelines.md (2 archivos)
[2025-07-21 10:55:20] [DEBUG] Procesando grupo 112: A.svg
[2025-07-21 10:55:20] [INFO] Grupo 112 creado: A.svg (3 archivos)
[2025-07-21 10:55:20] [DEBUG] Procesando grupo 113: automata.svg
[2025-07-21 10:55:20] [INFO] Grupo 113 creado: automata.svg (2 archivos)
[2025-07-21 10:55:20] [DEBUG] Procesando grupo 114: automatizacion-estructura-repositorio.md
[2025-07-21 10:55:20] [INFO] Grupo 114 creado: automatizacion-estructura-repositorio.md (2 archivos)
[2025-07-21 10:55:20] [DEBUG] Procesando grupo 115: automaton_1.pdf
[2025-07-21 10:55:20] [INFO] Grupo 115 creado: automaton_1.pdf (2 archivos)
[2025-07-21 10:55:20] [DEBUG] Procesando grupo 116: automaton.pdf
[2025-07-21 10:55:20] [INFO] Grupo 116 creado: automaton.pdf (2 archivos)
[2025-07-21 10:55:20] [DEBUG] Procesando grupo 117: automaton.png
[2025-07-21 10:55:20] [INFO] Grupo 117 creado: automaton.png (2 archivos)
[2025-07-21 10:55:20] [DEBUG] Procesando grupo 118: automaton.svg
[2025-07-21 10:55:20] [INFO] Grupo 118 creado: automaton.svg (4 archivos)
[2025-07-21 10:55:20] [DEBUG] Procesando grupo 119: automaton_TikZ_esp.Rmd
[2025-07-21 10:55:20] [INFO] Grupo 119 creado: automaton_TikZ_esp.Rmd (2 archivos)
[2025-07-21 10:55:20] [DEBUG] Procesando grupo 120: automaton_TikZ.Rmd
[2025-07-21 10:55:20] [INFO] Grupo 120 creado: automaton_TikZ.Rmd (2 archivos)
[2025-07-21 10:55:20] [DEBUG] Procesando grupo 121: automaton_TikZ.txt
[2025-07-21 10:55:20] [INFO] Grupo 121 creado: automaton_TikZ.txt (2 archivos)
[2025-07-21 10:55:20] [DEBUG] Procesando grupo 122: automaton.txt
[2025-07-21 10:55:20] [INFO] Grupo 122 creado: automaton.txt (2 archivos)
[2025-07-21 10:55:20] [DEBUG] Procesando grupo 123: automaton_.xml
[2025-07-21 10:55:20] [INFO] Grupo 123 creado: automaton_.xml (2 archivos)
[2025-07-21 10:55:20] [DEBUG] Procesando grupo 124: Ayuda.pdf
[2025-07-21 10:55:20] [INFO] Grupo 124 creado: Ayuda.pdf (2 archivos)
[2025-07-21 10:55:20] [DEBUG] Procesando grupo 125: bob.md
[2025-07-21 10:55:20] [INFO] Grupo 125 creado: bob.md (2 archivos)
[2025-07-21 10:55:20] [DEBUG] Procesando grupo 126: boxhist2_esp_1.pdf
[2025-07-21 10:55:20] [INFO] Grupo 126 creado: boxhist2_esp_1.pdf (2 archivos)
[2025-07-21 10:55:20] [DEBUG] Procesando grupo 127: boxhist2_esp.Rmd
[2025-07-21 10:55:20] [INFO] Grupo 127 creado: boxhist2_esp.Rmd (2 archivos)
[2025-07-21 10:55:20] [DEBUG] Procesando grupo 128: boxhist2.Rmd
[2025-07-21 10:55:20] [INFO] Grupo 128 creado: boxhist2.Rmd (2 archivos)
[2025-07-21 10:55:20] [DEBUG] Procesando grupo 129: boxhist2.txt
[2025-07-21 10:55:20] [INFO] Grupo 129 creado: boxhist2.txt (4 archivos)
[2025-07-21 10:55:20] [DEBUG] Procesando grupo 130: boxhist.csv
[2025-07-21 10:55:20] [INFO] Grupo 130 creado: boxhist.csv (4 archivos)
[2025-07-21 10:55:20] [DEBUG] Procesando grupo 131: boxhist_esp_1.pdf
[2025-07-21 10:55:20] [INFO] Grupo 131 creado: boxhist_esp_1.pdf (2 archivos)
[2025-07-21 10:55:20] [DEBUG] Procesando grupo 132: boxhist_esp.Rmd
[2025-07-21 10:55:20] [INFO] Grupo 132 creado: boxhist_esp.Rmd (2 archivos)
[2025-07-21 10:55:20] [DEBUG] Procesando grupo 133: boxhist.Rmd
[2025-07-21 10:55:20] [INFO] Grupo 133 creado: boxhist.Rmd (2 archivos)
[2025-07-21 10:55:20] [DEBUG] Procesando grupo 134: boxhist.txt
[2025-07-21 10:55:20] [INFO] Grupo 134 creado: boxhist.txt (4 archivos)
[2025-07-21 10:55:20] [DEBUG] Procesando grupo 135: boxplots-002.pdf
[2025-07-21 10:55:20] [INFO] Grupo 135 creado: boxplots-002.pdf (2 archivos)
[2025-07-21 10:55:20] [DEBUG] Procesando grupo 136: boxplots_1.pdf
[2025-07-21 10:55:20] [INFO] Grupo 136 creado: boxplots_1.pdf (2 archivos)
[2025-07-21 10:55:20] [DEBUG] Procesando grupo 137: boxplots_nops_1.pdf
[2025-07-21 10:55:20] [INFO] Grupo 137 creado: boxplots_nops_1.pdf (2 archivos)
[2025-07-21 10:55:20] [DEBUG] Procesando grupo 138: boxplots.pdf
[2025-07-21 10:55:20] [INFO] Grupo 138 creado: boxplots.pdf (2 archivos)
[2025-07-21 10:55:20] [DEBUG] Procesando grupo 139: boxplots.txt
[2025-07-21 10:55:20] [INFO] Grupo 139 creado: boxplots.txt (4 archivos)
[2025-07-21 10:55:20] [DEBUG] Procesando grupo 140: boxplots_.xml
[2025-07-21 10:55:20] [INFO] Grupo 140 creado: boxplots_.xml (2 archivos)
[2025-07-21 10:55:20] [DEBUG] Procesando grupo 141: B.png
[2025-07-21 10:55:20] [INFO] Grupo 141 creado: B.png (7 archivos)
[2025-07-21 10:55:20] [DEBUG] Procesando grupo 142: B.svg
[2025-07-21 10:55:20] [INFO] Grupo 142 creado: B.svg (3 archivos)
[2025-07-21 10:55:20] [DEBUG] Procesando grupo 143: cajas_volumen_3d.png
[2025-07-21 10:55:20] [INFO] Grupo 143 creado: cajas_volumen_3d.png (4 archivos)
[2025-07-21 10:55:20] [DEBUG] Procesando grupo 144: CAMBIOS_WALKTHROUGH.md
[2025-07-21 10:55:20] [INFO] Grupo 144 creado: CAMBIOS_WALKTHROUGH.md (2 archivos)
[2025-07-21 10:55:20] [DEBUG] Procesando grupo 145: capitals.txt
[2025-07-21 10:55:20] [INFO] Grupo 145 creado: capitals.txt (4 archivos)
[2025-07-21 10:55:20] [DEBUG] Procesando grupo 146: CHANGELOG.md
[2025-07-21 10:55:20] [INFO] Grupo 146 creado: CHANGELOG.md (5 archivos)
[2025-07-21 10:55:20] [DEBUG] Procesando grupo 147: cholesky.txt
[2025-07-21 10:55:20] [INFO] Grupo 147 creado: cholesky.txt (4 archivos)
[2025-07-21 10:55:20] [DEBUG] Procesando grupo 148: cilindro_3d.png
[2025-07-21 10:55:20] [INFO] Grupo 148 creado: cilindro_3d.png (2 archivos)
[2025-07-21 10:55:20] [DEBUG] Procesando grupo 149: cilindro_diagrama.png
[2025-07-21 10:55:20] [INFO] Grupo 149 creado: cilindro_diagrama.png (2 archivos)
[2025-07-21 10:55:20] [DEBUG] Procesando grupo 150: Cilindro_Hueco.html
[2025-07-21 10:55:20] [INFO] Grupo 150 creado: Cilindro_Hueco.html (2 archivos)
[2025-07-21 10:55:20] [DEBUG] Procesando grupo 151: cilindro_hueco.pdf
[2025-07-21 10:55:20] [INFO] Grupo 151 creado: cilindro_hueco.pdf (2 archivos)
[2025-07-21 10:55:20] [DEBUG] Procesando grupo 152: Cilindro_Hueco.pdf
[2025-07-21 10:55:20] [INFO] Grupo 152 creado: Cilindro_Hueco.pdf (2 archivos)
[2025-07-21 10:55:20] [DEBUG] Procesando grupo 153: cilindro_hueco.png
[2025-07-21 10:55:20] [INFO] Grupo 153 creado: cilindro_hueco.png (4 archivos)
[2025-07-21 10:55:20] [DEBUG] Procesando grupo 154: Cilindro-Hueco.png
[2025-07-21 10:55:20] [INFO] Grupo 154 creado: Cilindro-Hueco.png (4 archivos)
[2025-07-21 10:55:20] [DEBUG] Procesando grupo 155: Cilindro-Hueco.py
[2025-07-21 10:55:20] [INFO] Grupo 155 creado: Cilindro-Hueco.py (2 archivos)
[2025-07-21 10:55:20] [DEBUG] Procesando grupo 156: Cilindro_Hueco.Rmd
[2025-07-21 10:55:20] [INFO] Grupo 156 creado: Cilindro_Hueco.Rmd (2 archivos)
[2025-07-21 10:55:20] [DEBUG] Procesando grupo 157: Cilindro-Hueco-TeXStudio-original.pdf
[2025-07-21 10:55:20] [INFO] Grupo 157 creado: Cilindro-Hueco-TeXStudio-original.pdf (4 archivos)
[2025-07-21 10:55:20] [DEBUG] Procesando grupo 158: Cilindro-Hueco-TeXStudio.pdf
[2025-07-21 10:55:20] [INFO] Grupo 158 creado: Cilindro-Hueco-TeXStudio.pdf (2 archivos)
[2025-07-21 10:55:20] [DEBUG] Procesando grupo 159: cilindro.pdf
[2025-07-21 10:55:20] [INFO] Grupo 159 creado: cilindro.pdf (4 archivos)
[2025-07-21 10:55:20] [DEBUG] Procesando grupo 160: cilindro.png
[2025-07-21 10:55:20] [INFO] Grupo 160 creado: cilindro.png (4 archivos)
[2025-07-21 10:55:20] [DEBUG] Procesando grupo 161: cilindro.svg
[2025-07-21 10:55:20] [INFO] Grupo 161 creado: cilindro.svg (2 archivos)
[2025-07-21 10:55:20] [DEBUG] Procesando grupo 162: cilindro_v1.py
[2025-07-21 10:55:20] [INFO] Grupo 162 creado: cilindro_v1.py (2 archivos)
[2025-07-21 10:55:20] [DEBUG] Procesando grupo 163: cilindro_v2.py
[2025-07-21 10:55:20] [INFO] Grupo 163 creado: cilindro_v2.py (2 archivos)
[2025-07-21 10:55:20] [DEBUG] Procesando grupo 164: cilindro_v3.py
[2025-07-21 10:55:20] [INFO] Grupo 164 creado: cilindro_v3.py (2 archivos)
[2025-07-21 10:55:20] [DEBUG] Procesando grupo 165: cilindro_v4.py
[2025-07-21 10:55:20] [INFO] Grupo 165 creado: cilindro_v4.py (2 archivos)
[2025-07-21 10:55:20] [DEBUG] Procesando grupo 166: cilindro_v5.py
[2025-07-21 10:55:20] [INFO] Grupo 166 creado: cilindro_v5.py (2 archivos)
[2025-07-21 10:55:20] [DEBUG] Procesando grupo 167: cloze_test1.html
[2025-07-21 10:55:20] [INFO] Grupo 167 creado: cloze_test1.html (2 archivos)
[2025-07-21 10:55:20] [DEBUG] Procesando grupo 168: CODE_OF_CONDUCT.md
[2025-07-21 10:55:20] [INFO] Grupo 168 creado: CODE_OF_CONDUCT.md (2 archivos)
[2025-07-21 10:55:20] [DEBUG] Procesando grupo 169: combinaciones_partidos.png
[2025-07-21 10:55:20] [INFO] Grupo 169 creado: combinaciones_partidos.png (2 archivos)
[2025-07-21 10:55:20] [DEBUG] Procesando grupo 170: confint2.txt
[2025-07-21 10:55:20] [INFO] Grupo 170 creado: confint2.txt (4 archivos)
[2025-07-21 10:55:20] [DEBUG] Procesando grupo 171: confint3.txt
[2025-07-21 10:55:20] [INFO] Grupo 171 creado: confint3.txt (4 archivos)
[2025-07-21 10:55:20] [DEBUG] Procesando grupo 172: construccion_geometrica.png
[2025-07-21 10:55:20] [INFO] Grupo 172 creado: construccion_geometrica.png (4 archivos)
[2025-07-21 10:55:20] [DEBUG] Procesando grupo 173: construccion_segmentos_circulos.Rmd
[2025-07-21 10:55:20] [INFO] Grupo 173 creado: construccion_segmentos_circulos.Rmd (2 archivos)
[2025-07-21 10:55:20] [DEBUG] Procesando grupo 174: consumo_gas_natural_porcentaje_maximo_aleatorio_interpretacion_representacion_n2_cloze_v1.Rmd
[2025-07-21 10:55:21] [INFO] Grupo 174 creado: consumo_gas_natural_porcentaje_maximo_aleatorio_interpretacion_representacion_n2_cloze_v1.Rmd (2 archivos)
[2025-07-21 10:55:21] [DEBUG] Procesando grupo 175: consumo_gas_natural_porcentaje_maximo_aleatorio_interpretacion_representacion_n2_v1_1.pdf
[2025-07-21 10:55:21] [INFO] Grupo 175 creado: consumo_gas_natural_porcentaje_maximo_aleatorio_interpretacion_representacion_n2_v1_1.pdf (2 archivos)
[2025-07-21 10:55:21] [DEBUG] Procesando grupo 176: consumo_gas_natural_porcentaje_maximo_aleatorio_interpretacion_representacion_n2_v1_nops_1.pdf
[2025-07-21 10:55:21] [INFO] Grupo 176 creado: consumo_gas_natural_porcentaje_maximo_aleatorio_interpretacion_representacion_n2_v1_nops_1.pdf (2 archivos)
[2025-07-21 10:55:21] [DEBUG] Procesando grupo 177: consumo_gas_natural_porcentaje_maximo_aleatorio_interpretacion_representacion_n2_v1.Rmd
[2025-07-21 10:55:21] [INFO] Grupo 177 creado: consumo_gas_natural_porcentaje_maximo_aleatorio_interpretacion_representacion_n2_v1.Rmd (2 archivos)
[2025-07-21 10:55:21] [DEBUG] Procesando grupo 178: contador_error.txt
[2025-07-21 10:55:21] [INFO] Grupo 178 creado: contador_error.txt (2 archivos)
[2025-07-21 10:55:21] [DEBUG] Procesando grupo 179: contador_global.txt
[2025-07-21 10:55:21] [INFO] Grupo 179 creado: contador_global.txt (2 archivos)
[2025-07-21 10:55:21] [DEBUG] Procesando grupo 180: CONTRIBUTING.md
[2025-07-21 10:55:21] [INFO] Grupo 180 creado: CONTRIBUTING.md (6 archivos)
[2025-07-21 10:55:21] [DEBUG] Procesando grupo 181: conversion_unidades_area_formulacion_ejecucion_n2_v1_1.pdf
[2025-07-21 10:55:21] [INFO] Grupo 181 creado: conversion_unidades_area_formulacion_ejecucion_n2_v1_1.pdf (2 archivos)
[2025-07-21 10:55:21] [DEBUG] Procesando grupo 182: conversion_unidades_area_formulacion_ejecucion_n2_v1_nops_1.pdf
[2025-07-21 10:55:21] [INFO] Grupo 182 creado: conversion_unidades_area_formulacion_ejecucion_n2_v1_nops_1.pdf (2 archivos)
[2025-07-21 10:55:21] [DEBUG] Procesando grupo 183: conversion_unidades_area_formulacion_ejecucion_n2_v1.Rmd
[2025-07-21 10:55:21] [INFO] Grupo 183 creado: conversion_unidades_area_formulacion_ejecucion_n2_v1.Rmd (4 archivos)
[2025-07-21 10:55:21] [DEBUG] Procesando grupo 184: Copia de 01-S2-2025-SEDQ-grafico_circular_bienes_cloze_v1.Rmd
[2025-07-21 10:55:21] [INFO] Grupo 184 creado: Copia de 01-S2-2025-SEDQ-grafico_circular_bienes_cloze_v1.Rmd (2 archivos)
[2025-07-21 10:55:21] [DEBUG] Procesando grupo 185: Copia de 01-S2-2025-SEDQ-grafico_circular_bienes_v0.Rmd
[2025-07-21 10:55:21] [INFO] Grupo 185 creado: Copia de 01-S2-2025-SEDQ-grafico_circular_bienes_v0.Rmd (2 archivos)
[2025-07-21 10:55:21] [DEBUG] Procesando grupo 186: Copia de 05-S2-205-SEDQ-clasificacion_torneo_futbol_v1.Rmd
[2025-07-21 10:55:21] [INFO] Grupo 186 creado: Copia de 05-S2-205-SEDQ-clasificacion_torneo_futbol_v1.Rmd (2 archivos)
[2025-07-21 10:55:21] [DEBUG] Procesando grupo 187: Copia de 2023-Matematicas-11-2-09_Op_C.Rmd
[2025-07-21 10:55:21] [INFO] Grupo 187 creado: Copia de 2023-Matematicas-11-2-09_Op_C.Rmd (2 archivos)
[2025-07-21 10:55:21] [DEBUG] Procesando grupo 188: Copia de 2023-Matematicas-11-2-09-Op-E(a).Rmd
[2025-07-21 10:55:21] [INFO] Grupo 188 creado: Copia de 2023-Matematicas-11-2-09-Op-E(a).Rmd (2 archivos)
[2025-07-21 10:55:21] [DEBUG] Procesando grupo 189: Copia de accidentalidad-vial-genero-01.Rmd
[2025-07-21 10:55:21] [INFO] Grupo 189 creado: Copia de accidentalidad-vial-genero-01.Rmd (2 archivos)
[2025-07-21 10:55:21] [DEBUG] Procesando grupo 190: Copia de accidentalidad-vial-genero-02.Rmd
[2025-07-21 10:55:21] [INFO] Grupo 190 creado: Copia de accidentalidad-vial-genero-02.Rmd (2 archivos)
[2025-07-21 10:55:21] [DEBUG] Procesando grupo 191: Copia de Cilindro_Hueco.Rmd
[2025-07-21 10:55:21] [INFO] Grupo 191 creado: Copia de Cilindro_Hueco.Rmd (2 archivos)
[2025-07-21 10:55:21] [DEBUG] Procesando grupo 192: Copia de descuentos_porcentajes_v1.Rmd
[2025-07-21 10:55:21] [INFO] Grupo 192 creado: Copia de descuentos_porcentajes_v1.Rmd (2 archivos)
[2025-07-21 10:55:21] [DEBUG] Procesando grupo 193: Copia de descuentos_porcentajes_v2.Rmd
[2025-07-21 10:55:21] [INFO] Grupo 193 creado: Copia de descuentos_porcentajes_v2.Rmd (2 archivos)
[2025-07-21 10:55:21] [DEBUG] Procesando grupo 194: Copia de Geometria_vuelo.Rmd
[2025-07-21 10:55:21] [INFO] Grupo 194 creado: Copia de Geometria_vuelo.Rmd (2 archivos)
[2025-07-21 10:55:21] [DEBUG] Procesando grupo 195: Copia de grafico_circular_bienes_v1.Rmd
[2025-07-21 10:55:21] [INFO] Grupo 195 creado: Copia de grafico_circular_bienes_v1.Rmd (2 archivos)
[2025-07-21 10:55:21] [DEBUG] Procesando grupo 196: Copia de interpretacion_grafica_viaje.Rmd
[2025-07-21 10:55:21] [INFO] Grupo 196 creado: Copia de interpretacion_grafica_viaje.Rmd (2 archivos)
[2025-07-21 10:55:21] [DEBUG] Procesando grupo 197: Copia de interpretacion_grafica_viaje_vers2.Rmd
[2025-07-21 10:55:21] [INFO] Grupo 197 creado: Copia de interpretacion_grafica_viaje_vers2.Rmd (2 archivos)
[2025-07-21 10:55:21] [DEBUG] Procesando grupo 198: Copia de interpretacion_grafica_viaje_vers3.Rmd
[2025-07-21 10:55:21] [INFO] Grupo 198 creado: Copia de interpretacion_grafica_viaje_vers3.Rmd (2 archivos)
[2025-07-21 10:55:21] [DEBUG] Procesando grupo 199: Copia de interpretacion_grafica_viaje_vers4.Rmd
[2025-07-21 10:55:21] [INFO] Grupo 199 creado: Copia de interpretacion_grafica_viaje_vers4.Rmd (2 archivos)
[2025-07-21 10:55:21] [DEBUG] Procesando grupo 200: Copia de logica_puntaje_campeonato_v1.Rmd
[2025-07-21 10:55:21] [INFO] Grupo 200 creado: Copia de logica_puntaje_campeonato_v1.Rmd (2 archivos)
[2025-07-21 10:55:21] [DEBUG] Procesando grupo 201: Copia de parabrisas (1).Rmd
[2025-07-21 10:55:21] [INFO] Grupo 201 creado: Copia de parabrisas (1).Rmd (2 archivos)
[2025-07-21 10:55:21] [DEBUG] Procesando grupo 202: Copia de parabrisas-01.py
[2025-07-21 10:55:21] [INFO] Grupo 202 creado: Copia de parabrisas-01.py (2 archivos)
[2025-07-21 10:55:21] [DEBUG] Procesando grupo 203: Copia de parabrisas-02.py
[2025-07-21 10:55:21] [INFO] Grupo 203 creado: Copia de parabrisas-02.py (2 archivos)
[2025-07-21 10:55:21] [DEBUG] Procesando grupo 204: Copia de parabrisas-2.Rmd
[2025-07-21 10:55:21] [INFO] Grupo 204 creado: Copia de parabrisas-2.Rmd (2 archivos)
[2025-07-21 10:55:21] [DEBUG] Procesando grupo 205: Copia de parabrisas-A.py
[2025-07-21 10:55:21] [INFO] Grupo 205 creado: Copia de parabrisas-A.py (2 archivos)
[2025-07-21 10:55:21] [DEBUG] Procesando grupo 206: Copia de parabrisas.Rmd
[2025-07-21 10:55:21] [INFO] Grupo 206 creado: Copia de parabrisas.Rmd (2 archivos)
[2025-07-21 10:55:21] [DEBUG] Procesando grupo 207: Copia de porcentajes_grupos_poblacion_v1.Rmd
[2025-07-21 10:55:21] [INFO] Grupo 207 creado: Copia de porcentajes_grupos_poblacion_v1.Rmd (2 archivos)
[2025-07-21 10:55:21] [DEBUG] Procesando grupo 208: Copia de porcentajes_ordenamiento_sabores_v1.Rmd
[2025-07-21 10:55:21] [INFO] Grupo 208 creado: Copia de porcentajes_ordenamiento_sabores_v1.Rmd (2 archivos)
[2025-07-21 10:55:21] [DEBUG] Procesando grupo 209: Copia de probabilidad_condicional_tabla_contingencia_razonamiento_nivel3_v2.Rmd
[2025-07-21 10:55:21] [INFO] Grupo 209 creado: Copia de probabilidad_condicional_tabla_contingencia_razonamiento_nivel3_v2.Rmd (2 archivos)
[2025-07-21 10:55:21] [DEBUG] Procesando grupo 210: Copia de probabilidad_extraccion_bolas_v1.Rmd
[2025-07-21 10:55:21] [INFO] Grupo 210 creado: Copia de probabilidad_extraccion_bolas_v1.Rmd (2 archivos)
[2025-07-21 10:55:21] [DEBUG] Procesando grupo 211: Copia de Real-07-S01-01-2024.Rmd
[2025-07-21 10:55:21] [INFO] Grupo 211 creado: Copia de Real-07-S01-01-2024.Rmd (2 archivos)
[2025-07-21 10:55:21] [DEBUG] Procesando grupo 212: Copia de semicirculos_radios_problema.Rmd
[2025-07-21 10:55:21] [INFO] Grupo 212 creado: Copia de semicirculos_radios_problema.Rmd (2 archivos)
[2025-07-21 10:55:21] [DEBUG] Procesando grupo 213: Copia de SemilleroUnico.R
[2025-07-21 10:55:21] [INFO] Grupo 213 creado: Copia de SemilleroUnico.R (6 archivos)
[2025-07-21 10:55:21] [DEBUG] Procesando grupo 214: Copia de vaso-cilindrico-v1.Rmd
[2025-07-21 10:55:21] [INFO] Grupo 214 creado: Copia de vaso-cilindrico-v1.Rmd (2 archivos)
[2025-07-21 10:55:21] [DEBUG] Procesando grupo 215: Copia de vaso-cilindrico-v6.Rmd
[2025-07-21 10:55:21] [INFO] Grupo 215 creado: Copia de vaso-cilindrico-v6.Rmd (2 archivos)
[2025-07-21 10:55:21] [DEBUG] Procesando grupo 216: Copia de volumen_cilindro_hueco_py_v1.Rmd
[2025-07-21 10:55:21] [INFO] Grupo 216 creado: Copia de volumen_cilindro_hueco_py_v1.Rmd (2 archivos)
[2025-07-21 10:55:21] [DEBUG] Procesando grupo 217: Copia de volumen_cilindro_hueco_R_v1.Rmd
[2025-07-21 10:55:21] [INFO] Grupo 217 creado: Copia de volumen_cilindro_hueco_R_v1.Rmd (2 archivos)
[2025-07-21 10:55:21] [DEBUG] Procesando grupo 218: Copia-de-parabrisas.html
[2025-07-21 10:55:21] [INFO] Grupo 218 creado: Copia-de-parabrisas.html (2 archivos)
[2025-07-21 10:55:21] [DEBUG] Procesando grupo 219: Copia-de-vaso-cilindrico--1-.html
[2025-07-21 10:55:21] [INFO] Grupo 219 creado: Copia-de-vaso-cilindrico--1-.html (2 archivos)
[2025-07-21 10:55:21] [DEBUG] Procesando grupo 220: costo_promedio_diario_numerico_variacional_formulacion_ejecucion_n2_v1_1.pdf
[2025-07-21 10:55:21] [INFO] Grupo 220 creado: costo_promedio_diario_numerico_variacional_formulacion_ejecucion_n2_v1_1.pdf (2 archivos)
[2025-07-21 10:55:21] [DEBUG] Procesando grupo 221: costo_promedio_diario_numerico_variacional_formulacion_ejecucion_n2_v1.html
[2025-07-21 10:55:21] [INFO] Grupo 221 creado: costo_promedio_diario_numerico_variacional_formulacion_ejecucion_n2_v1.html (2 archivos)
[2025-07-21 10:55:21] [DEBUG] Procesando grupo 222: costo_promedio_diario_numerico_variacional_formulacion_ejecucion_n2_v1_nops_1.pdf
[2025-07-21 10:55:21] [INFO] Grupo 222 creado: costo_promedio_diario_numerico_variacional_formulacion_ejecucion_n2_v1_nops_1.pdf (2 archivos)
[2025-07-21 10:55:21] [DEBUG] Procesando grupo 223: costo_promedio_diario_numerico_variacional_formulacion_ejecucion_n2_v1.Rmd
[2025-07-21 10:55:21] [INFO] Grupo 223 creado: costo_promedio_diario_numerico_variacional_formulacion_ejecucion_n2_v1.Rmd (3 archivos)
[2025-07-21 10:55:21] [DEBUG] Procesando grupo 224: countrycodes.txt
[2025-07-21 10:55:21] [INFO] Grupo 224 creado: countrycodes.txt (4 archivos)
[2025-07-21 10:55:21] [DEBUG] Procesando grupo 225: C.png
[2025-07-21 10:55:21] [INFO] Grupo 225 creado: C.png (7 archivos)
[2025-07-21 10:55:21] [DEBUG] Procesando grupo 226: crecimiento_exponencial_valor_inicial_v1 (copia 1).Rmd
[2025-07-21 10:55:21] [INFO] Grupo 226 creado: crecimiento_exponencial_valor_inicial_v1 (copia 1).Rmd (2 archivos)
[2025-07-21 10:55:21] [DEBUG] Procesando grupo 227: crecimiento_exponencial_valor_inicial_v1_1.pdf
[2025-07-21 10:55:21] [INFO] Grupo 227 creado: crecimiento_exponencial_valor_inicial_v1_1.pdf (2 archivos)
[2025-07-21 10:55:21] [DEBUG] Procesando grupo 228: crecimiento_exponencial_valor_inicial_v1.html
[2025-07-21 10:55:21] [INFO] Grupo 228 creado: crecimiento_exponencial_valor_inicial_v1.html (2 archivos)
[2025-07-21 10:55:21] [DEBUG] Procesando grupo 229: crecimiento_exponencial_valor_inicial_v1_nops_1.pdf
[2025-07-21 10:55:21] [INFO] Grupo 229 creado: crecimiento_exponencial_valor_inicial_v1_nops_1.pdf (2 archivos)
[2025-07-21 10:55:21] [DEBUG] Procesando grupo 230: crecimiento_exponencial_valor_inicial_v1.pdf
[2025-07-21 10:55:21] [INFO] Grupo 230 creado: crecimiento_exponencial_valor_inicial_v1.pdf (2 archivos)
[2025-07-21 10:55:21] [DEBUG] Procesando grupo 231: crecimiento_exponencial_valor_inicial_v1.Rmd
[2025-07-21 10:55:21] [INFO] Grupo 231 creado: crecimiento_exponencial_valor_inicial_v1.Rmd (2 archivos)
[2025-07-21 10:55:21] [DEBUG] Procesando grupo 232: crecimiento_exponencial_valor_inicial_v1_.xml
[2025-07-21 10:55:21] [INFO] Grupo 232 creado: crecimiento_exponencial_valor_inicial_v1_.xml (2 archivos)
[2025-07-21 10:55:21] [DEBUG] Procesando grupo 233: crecimiento_exponencial_valor_inicial_v2 (copia 1).Rmd
[2025-07-21 10:55:21] [INFO] Grupo 233 creado: crecimiento_exponencial_valor_inicial_v2 (copia 1).Rmd (2 archivos)
[2025-07-21 10:55:21] [DEBUG] Procesando grupo 234: crecimiento_exponencial_valor_inicial_v2_1.pdf
[2025-07-21 10:55:21] [INFO] Grupo 234 creado: crecimiento_exponencial_valor_inicial_v2_1.pdf (2 archivos)
[2025-07-21 10:55:21] [DEBUG] Procesando grupo 235: crecimiento_exponencial_valor_inicial_v2.html
[2025-07-21 10:55:21] [INFO] Grupo 235 creado: crecimiento_exponencial_valor_inicial_v2.html (2 archivos)
[2025-07-21 10:55:21] [DEBUG] Procesando grupo 236: crecimiento_exponencial_valor_inicial_v2_nops_1.pdf
[2025-07-21 10:55:21] [INFO] Grupo 236 creado: crecimiento_exponencial_valor_inicial_v2_nops_1.pdf (2 archivos)
[2025-07-21 10:55:21] [DEBUG] Procesando grupo 237: crecimiento_exponencial_valor_inicial_v2.Rmd
[2025-07-21 10:55:21] [INFO] Grupo 237 creado: crecimiento_exponencial_valor_inicial_v2.Rmd (2 archivos)
[2025-07-21 10:55:21] [DEBUG] Procesando grupo 238: crecimiento_exponencial_valor_inicial_v2_.xml
[2025-07-21 10:55:21] [INFO] Grupo 238 creado: crecimiento_exponencial_valor_inicial_v2_.xml (2 archivos)
[2025-07-21 10:55:21] [DEBUG] Procesando grupo 239: C.svg
[2025-07-21 10:55:21] [INFO] Grupo 239 creado: C.svg (3 archivos)
[2025-07-21 10:55:21] [DEBUG] Procesando grupo 240: currency8.txt
[2025-07-21 10:55:21] [INFO] Grupo 240 creado: currency8.txt (4 archivos)
[2025-07-21 10:55:21] [DEBUG] Procesando grupo 241: deriv2_1.pdf
[2025-07-21 10:55:21] [INFO] Grupo 241 creado: deriv2_1.pdf (2 archivos)
[2025-07-21 10:55:21] [DEBUG] Procesando grupo 242: deriv2_nops_1.pdf
[2025-07-21 10:55:21] [INFO] Grupo 242 creado: deriv2_nops_1.pdf (2 archivos)
[2025-07-21 10:55:21] [DEBUG] Procesando grupo 243: deriv2.pdf
[2025-07-21 10:55:21] [INFO] Grupo 243 creado: deriv2.pdf (2 archivos)
[2025-07-21 10:55:21] [DEBUG] Procesando grupo 244: deriv2.txt
[2025-07-21 10:55:21] [INFO] Grupo 244 creado: deriv2.txt (4 archivos)
[2025-07-21 10:55:21] [DEBUG] Procesando grupo 245: deriv2_.xml
[2025-07-21 10:55:21] [INFO] Grupo 245 creado: deriv2_.xml (2 archivos)
[2025-07-21 10:55:21] [DEBUG] Procesando grupo 246: deriv.txt
[2025-07-21 10:55:21] [INFO] Grupo 246 creado: deriv.txt (4 archivos)
[2025-07-21 10:55:21] [DEBUG] Procesando grupo 247: descuentos_porcentajes_v1.html
[2025-07-21 10:55:21] [INFO] Grupo 247 creado: descuentos_porcentajes_v1.html (2 archivos)
[2025-07-21 10:55:21] [DEBUG] Procesando grupo 248: descuentos_porcentajes_v1.Rmd
[2025-07-21 10:55:21] [INFO] Grupo 248 creado: descuentos_porcentajes_v1.Rmd (2 archivos)
[2025-07-21 10:55:21] [DEBUG] Procesando grupo 249: descuentos_porcentajes_v2_1.pdf
[2025-07-21 10:55:21] [INFO] Grupo 249 creado: descuentos_porcentajes_v2_1.pdf (2 archivos)
[2025-07-21 10:55:21] [DEBUG] Procesando grupo 250: descuentos_porcentajes_v2.html
[2025-07-21 10:55:21] [INFO] Grupo 250 creado: descuentos_porcentajes_v2.html (2 archivos)
[2025-07-21 10:55:21] [DEBUG] Procesando grupo 251: descuentos_porcentajes_v2_nops_1.pdf
[2025-07-21 10:55:21] [INFO] Grupo 251 creado: descuentos_porcentajes_v2_nops_1.pdf (2 archivos)
[2025-07-21 10:55:21] [DEBUG] Procesando grupo 252: descuentos_porcentajes_v2.Rmd
[2025-07-21 10:55:21] [INFO] Grupo 252 creado: descuentos_porcentajes_v2.Rmd (2 archivos)
[2025-07-21 10:55:21] [DEBUG] Procesando grupo 253: descuentos_porcentajes_v2_.xml
[2025-07-21 10:55:21] [INFO] Grupo 253 creado: descuentos_porcentajes_v2_.xml (2 archivos)
[2025-07-21 10:55:21] [DEBUG] Procesando grupo 254: de_tikz_a_matplotlib.py
[2025-07-21 10:55:21] [INFO] Grupo 254 creado: de_tikz_a_matplotlib.py (2 archivos)
[2025-07-21 10:55:21] [DEBUG] Procesando grupo 255: diagrama_cajas.pdf
[2025-07-21 10:55:21] [INFO] Grupo 255 creado: diagrama_cajas.pdf (6 archivos)
[2025-07-21 10:55:21] [DEBUG] Procesando grupo 256: diagrama_cajas.png
[2025-07-21 10:55:21] [INFO] Grupo 256 creado: diagrama_cajas.png (2 archivos)
[2025-07-21 10:55:21] [DEBUG] Procesando grupo 257: diagrama_objeto.pdf
[2025-07-21 10:55:21] [INFO] Grupo 257 creado: diagrama_objeto.pdf (2 archivos)
[2025-07-21 10:55:21] [DEBUG] Procesando grupo 258: diagrama_objeto.png
[2025-07-21 10:55:21] [INFO] Grupo 258 creado: diagrama_objeto.png (2 archivos)
[2025-07-21 10:55:21] [DEBUG] Procesando grupo 259: diagrama_plumilla.png
[2025-07-21 10:55:21] [INFO] Grupo 259 creado: diagrama_plumilla.png (2 archivos)
[2025-07-21 10:55:21] [DEBUG] Procesando grupo 260: diagrama_procedimiento.png
[2025-07-21 10:55:21] [INFO] Grupo 260 creado: diagrama_procedimiento.png (2 archivos)
[2025-07-21 10:55:21] [DEBUG] Procesando grupo 261: disparador.txt
[2025-07-21 10:55:21] [INFO] Grupo 261 creado: disparador.txt (2 archivos)
[2025-07-21 10:55:21] [DEBUG] Procesando grupo 262: dist2.txt
[2025-07-21 10:55:21] [INFO] Grupo 262 creado: dist2.txt (4 archivos)
[2025-07-21 10:55:21] [DEBUG] Procesando grupo 263: dist3.txt
[2025-07-21 10:55:21] [INFO] Grupo 263 creado: dist3.txt (4 archivos)
[2025-07-21 10:55:21] [DEBUG] Procesando grupo 264: distribucion_acciones.png
[2025-07-21 10:55:21] [INFO] Grupo 264 creado: distribucion_acciones.png (2 archivos)
[2025-07-21 10:55:21] [DEBUG] Procesando grupo 265: dist.txt
[2025-07-21 10:55:21] [INFO] Grupo 265 creado: dist.txt (4 archivos)
[2025-07-21 10:55:21] [DEBUG] Procesando grupo 266: DOCUMENTACION_EXHAUSTIVA_RESUMEN.md
[2025-07-21 10:55:21] [INFO] Grupo 266 creado: DOCUMENTACION_EXHAUSTIVA_RESUMEN.md (2 archivos)
[2025-07-21 10:55:21] [DEBUG] Procesando grupo 267: DVenn_All_GenMus_01.Rmd
[2025-07-21 10:55:21] [INFO] Grupo 267 creado: DVenn_All_GenMus_01.Rmd (2 archivos)
[2025-07-21 10:55:21] [DEBUG] Procesando grupo 268: ejecutar_pruebas_cilindro.R
[2025-07-21 10:55:21] [INFO] Grupo 268 creado: ejecutar_pruebas_cilindro.R (2 archivos)
[2025-07-21 10:55:21] [DEBUG] Procesando grupo 269: ejecutar_pruebas_cilindro_visual.R
[2025-07-21 10:55:21] [INFO] Grupo 269 creado: ejecutar_pruebas_cilindro_visual.R (2 archivos)
[2025-07-21 10:55:21] [DEBUG] Procesando grupo 270: ejecutar_pruebas_general.R
[2025-07-21 10:55:21] [INFO] Grupo 270 creado: ejecutar_pruebas_general.R (2 archivos)
[2025-07-21 10:55:21] [DEBUG] Procesando grupo 271: ejecutar_pruebas.R
[2025-07-21 10:55:21] [INFO] Grupo 271 creado: ejecutar_pruebas.R (16 archivos)
[2025-07-21 10:55:21] [DEBUG] Procesando grupo 272: ejecutar_pruebas-v3.R
[2025-07-21 10:55:21] [INFO] Grupo 272 creado: ejecutar_pruebas-v3.R (2 archivos)
[2025-07-21 10:55:21] [DEBUG] Procesando grupo 273: Ejemplo.md
[2025-07-21 10:55:21] [INFO] Grupo 273 creado: Ejemplo.md (2 archivos)
[2025-07-21 10:55:21] [DEBUG] Procesando grupo 274: empaques_tetra_pak_argumentacion_n3_v1 (copia 1).Rmd
[2025-07-21 10:55:21] [INFO] Grupo 274 creado: empaques_tetra_pak_argumentacion_n3_v1 (copia 1).Rmd (2 archivos)
[2025-07-21 10:55:21] [DEBUG] Procesando grupo 275: empaques_tetra_pak_argumentacion_n3_v1_1.pdf
[2025-07-21 10:55:21] [INFO] Grupo 275 creado: empaques_tetra_pak_argumentacion_n3_v1_1.pdf (2 archivos)
[2025-07-21 10:55:21] [DEBUG] Procesando grupo 276: empaques_tetra_pak_argumentacion_n3_v1.html
[2025-07-21 10:55:21] [INFO] Grupo 276 creado: empaques_tetra_pak_argumentacion_n3_v1.html (2 archivos)
[2025-07-21 10:55:21] [DEBUG] Procesando grupo 277: empaques_tetra_pak_argumentacion_n3_v1_nops_1.pdf
[2025-07-21 10:55:21] [INFO] Grupo 277 creado: empaques_tetra_pak_argumentacion_n3_v1_nops_1.pdf (2 archivos)
[2025-07-21 10:55:21] [DEBUG] Procesando grupo 278: empaques_tetra_pak_argumentacion_n3_v1.Rmd
[2025-07-21 10:55:21] [INFO] Grupo 278 creado: empaques_tetra_pak_argumentacion_n3_v1.Rmd (2 archivos)
[2025-07-21 10:55:21] [DEBUG] Procesando grupo 279: err01.png
[2025-07-21 10:55:21] [INFO] Grupo 279 creado: err01.png (10 archivos)
[2025-07-21 10:55:21] [DEBUG] Procesando grupo 280: err02.png
[2025-07-21 10:55:21] [INFO] Grupo 280 creado: err02.png (2 archivos)
[2025-07-21 10:55:21] [DEBUG] Procesando grupo 281: err10.png
[2025-07-21 10:55:21] [INFO] Grupo 281 creado: err10.png (2 archivos)
[2025-07-21 10:55:21] [DEBUG] Procesando grupo 282: err1.png
[2025-07-21 10:55:21] [INFO] Grupo 282 creado: err1.png (2 archivos)
[2025-07-21 10:55:21] [DEBUG] Procesando grupo 283: erro1.png
[2025-07-21 10:55:21] [INFO] Grupo 283 creado: erro1.png (4 archivos)
[2025-07-21 10:55:21] [DEBUG] Procesando grupo 284: err.png
[2025-07-21 10:55:21] [INFO] Grupo 284 creado: err.png (2 archivos)
[2025-07-21 10:55:21] [DEBUG] Procesando grupo 285: essayreg2.txt
[2025-07-21 10:55:21] [INFO] Grupo 285 creado: essayreg2.txt (4 archivos)
[2025-07-21 10:55:21] [DEBUG] Procesando grupo 286: essayreg.txt
[2025-07-21 10:55:21] [INFO] Grupo 286 creado: essayreg.txt (4 archivos)
[2025-07-21 10:55:21] [DEBUG] Procesando grupo 287: estadistica_diagramas_caja_interpretacion_representacion_Nivel2_v2.Rmd
[2025-07-21 10:55:21] [INFO] Grupo 287 creado: estadistica_diagramas_caja_interpretacion_representacion_Nivel2_v2.Rmd (2 archivos)
[2025-07-21 10:55:21] [DEBUG] Procesando grupo 288: estructura-actual-repositorio.sh
[2025-07-21 10:55:21] [INFO] Grupo 288 creado: estructura-actual-repositorio.sh (2 archivos)
[2025-07-21 10:55:21] [DEBUG] Procesando grupo 289: Estructura_Repositorio.html
[2025-07-21 10:55:21] [INFO] Grupo 289 creado: Estructura_Repositorio.html (2 archivos)
[2025-07-21 10:55:21] [DEBUG] Procesando grupo 290: Estructura_Repositorio.md
[2025-07-21 10:55:21] [INFO] Grupo 290 creado: Estructura_Repositorio.md (2 archivos)
[2025-07-21 10:55:21] [DEBUG] Procesando grupo 291: exams2*_documentation.pdf
[2025-07-21 10:55:21] [DEBUG] Procesando grupo 292: exportaciones_industriales_interpretacion_representacion_n2_v1.html
[2025-07-21 10:55:21] [INFO] Grupo 292 creado: exportaciones_industriales_interpretacion_representacion_n2_v1.html (2 archivos)
[2025-07-21 10:55:21] [DEBUG] Procesando grupo 293: exportaciones_industriales_interpretacion_representacion_n2_v1.pdf
[2025-07-21 10:55:21] [INFO] Grupo 293 creado: exportaciones_industriales_interpretacion_representacion_n2_v1.pdf (2 archivos)
[2025-07-21 10:55:21] [DEBUG] Procesando grupo 294: exportaciones_industriales_interpretacion_representacion_n2_v1.Rmd
[2025-07-21 10:55:21] [INFO] Grupo 294 creado: exportaciones_industriales_interpretacion_representacion_n2_v1.Rmd (2 archivos)
[2025-07-21 10:55:21] [DEBUG] Procesando grupo 295: exportaciones_multi_tecnologia_interpretacion_representacion_n2_v1.html
[2025-07-21 10:55:21] [INFO] Grupo 295 creado: exportaciones_multi_tecnologia_interpretacion_representacion_n2_v1.html (2 archivos)
[2025-07-21 10:55:21] [DEBUG] Procesando grupo 296: exportaciones_multi_tecnologia_interpretacion_representacion_n2_v1.Rmd
[2025-07-21 10:55:21] [INFO] Grupo 296 creado: exportaciones_multi_tecnologia_interpretacion_representacion_n2_v1.Rmd (2 archivos)
[2025-07-21 10:55:21] [DEBUG] Procesando grupo 297: exportaciones_multi_tecnologia_original_v1.Rmd
[2025-07-21 10:55:21] [INFO] Grupo 297 creado: exportaciones_multi_tecnologia_original_v1.Rmd (2 archivos)
[2025-07-21 10:55:21] [DEBUG] Procesando grupo 298: exportaciones_principal.pdf
[2025-07-21 10:55:21] [INFO] Grupo 298 creado: exportaciones_principal.pdf (2 archivos)
[2025-07-21 10:55:21] [DEBUG] Procesando grupo 299: exportaciones_principal.png
[2025-07-21 10:55:21] [INFO] Grupo 299 creado: exportaciones_principal.png (2 archivos)
[2025-07-21 10:55:21] [DEBUG] Procesando grupo 300: export-augment-config.js
[2025-07-21 10:55:21] [INFO] Grupo 300 creado: export-augment-config.js (2 archivos)
[2025-07-21 10:55:21] [DEBUG] Procesando grupo 301: figura_geometrica.png
[2025-07-21 10:55:21] [INFO] Grupo 301 creado: figura_geometrica.png (2 archivos)
[2025-07-21 10:55:21] [DEBUG] Procesando grupo 302: file_operations_guidelines.md
[2025-07-21 10:55:21] [INFO] Grupo 302 creado: file_operations_guidelines.md (2 archivos)
[2025-07-21 10:55:21] [DEBUG] Procesando grupo 303: formula_descuento.png
[2025-07-21 10:55:21] [INFO] Grupo 303 creado: formula_descuento.png (2 archivos)
[2025-07-21 10:55:21] [DEBUG] Procesando grupo 304: formula_probabilidad.png
[2025-07-21 10:55:21] [INFO] Grupo 304 creado: formula_probabilidad.png (2 archivos)
[2025-07-21 10:55:21] [DEBUG] Procesando grupo 305: fourfold2.txt
[2025-07-21 10:55:21] [INFO] Grupo 305 creado: fourfold2.txt (4 archivos)
[2025-07-21 10:55:21] [DEBUG] Procesando grupo 306: fourfold.txt
[2025-07-21 10:55:21] [INFO] Grupo 306 creado: fourfold.txt (4 archivos)
[2025-07-21 10:55:21] [DEBUG] Procesando grupo 307: fracciones_reparto_premio_v1.Rmd
[2025-07-21 10:55:21] [INFO] Grupo 307 creado: fracciones_reparto_premio_v1.Rmd (3 archivos)
[2025-07-21 10:55:21] [DEBUG] Procesando grupo 308: fracciones_reparto_premio_v2.Rmd
[2025-07-21 10:55:21] [INFO] Grupo 308 creado: fracciones_reparto_premio_v2.Rmd (2 archivos)
[2025-07-21 10:55:21] [DEBUG] Procesando grupo 309: fracciones_reparto_premio_v3.Rmd
[2025-07-21 10:55:21] [INFO] Grupo 309 creado: fracciones_reparto_premio_v3.Rmd (2 archivos)
[2025-07-21 10:55:21] [DEBUG] Procesando grupo 310: fracciones_reparto_premio_v4.Rmd
[2025-07-21 10:55:21] [INFO] Grupo 310 creado: fracciones_reparto_premio_v4.Rmd (2 archivos)
[2025-07-21 10:55:21] [DEBUG] Procesando grupo 311: fruit2.txt
[2025-07-21 10:55:21] [INFO] Grupo 311 creado: fruit2.txt (4 archivos)
[2025-07-21 10:55:21] [DEBUG] Procesando grupo 312: fruit.txt
[2025-07-21 10:55:21] [INFO] Grupo 312 creado: fruit.txt (4 archivos)
[2025-07-21 10:55:21] [DEBUG] Procesando grupo 313: funciones_lineales_interpretacion_grafica_v1.pdf
[2025-07-21 10:55:21] [INFO] Grupo 313 creado: funciones_lineales_interpretacion_grafica_v1.pdf (2 archivos)
[2025-07-21 10:55:21] [DEBUG] Procesando grupo 314: funciones_lineales_interpretacion_grafica_v1.Rmd
[2025-07-21 10:55:21] [INFO] Grupo 314 creado: funciones_lineales_interpretacion_grafica_v1.Rmd (2 archivos)
[2025-07-21 10:55:21] [DEBUG] Procesando grupo 315: funciones_lineales_interpretacion_grafica_v2.html
[2025-07-21 10:55:21] [INFO] Grupo 315 creado: funciones_lineales_interpretacion_grafica_v2.html (2 archivos)
[2025-07-21 10:55:21] [DEBUG] Procesando grupo 316: funciones_lineales_interpretacion_grafica_v2.Rmd
[2025-07-21 10:55:21] [INFO] Grupo 316 creado: funciones_lineales_interpretacion_grafica_v2.Rmd (2 archivos)
[2025-07-21 10:55:21] [DEBUG] Procesando grupo 317: function.txt
[2025-07-21 10:55:21] [INFO] Grupo 317 creado: function.txt (4 archivos)
[2025-07-21 10:55:21] [DEBUG] Procesando grupo 318: gaussmarkov.txt
[2025-07-21 10:55:21] [INFO] Grupo 318 creado: gaussmarkov.txt (4 archivos)
[2025-07-21 10:55:21] [DEBUG] Procesando grupo 319: generar_cilindro.R
[2025-07-21 10:55:21] [INFO] Grupo 319 creado: generar_cilindro.R (2 archivos)
[2025-07-21 10:55:21] [DEBUG] Procesando grupo 320: generar_ejercicio.R
[2025-07-21 10:55:21] [INFO] Grupo 320 creado: generar_ejercicio.R (2 archivos)
[2025-07-21 10:55:21] [DEBUG] Procesando grupo 321: geometria_limpiaparabrisas_v3.html
[2025-07-21 10:55:21] [INFO] Grupo 321 creado: geometria_limpiaparabrisas_v3.html (2 archivos)
[2025-07-21 10:55:21] [DEBUG] Procesando grupo 322: geometria_parabrisas_plantillas_v1.Rmd
[2025-07-21 10:55:21] [INFO] Grupo 322 creado: geometria_parabrisas_plantillas_v1.Rmd (2 archivos)
[2025-07-21 10:55:21] [DEBUG] Procesando grupo 323: geometria_parabrisas_v1.html
[2025-07-21 10:55:21] [INFO] Grupo 323 creado: geometria_parabrisas_v1.html (2 archivos)
[2025-07-21 10:55:21] [DEBUG] Procesando grupo 324: geometria_parabrisas_v1.md
[2025-07-21 10:55:21] [INFO] Grupo 324 creado: geometria_parabrisas_v1.md (2 archivos)
[2025-07-21 10:55:21] [DEBUG] Procesando grupo 325: geometria_parabrisas_v2.html
[2025-07-21 10:55:21] [INFO] Grupo 325 creado: geometria_parabrisas_v2.html (2 archivos)
[2025-07-21 10:55:21] [DEBUG] Procesando grupo 326: Geometria.Rmd
[2025-07-21 10:55:21] [INFO] Grupo 326 creado: Geometria.Rmd (2 archivos)
[2025-07-21 10:55:21] [DEBUG] Procesando grupo 327: Geometria_vuelo_1.pdf
[2025-07-21 10:55:21] [INFO] Grupo 327 creado: Geometria_vuelo_1.pdf (2 archivos)
[2025-07-21 10:55:21] [DEBUG] Procesando grupo 328: Geometria_vuelo_2.pdf
[2025-07-21 10:55:21] [INFO] Grupo 328 creado: Geometria_vuelo_2.pdf (2 archivos)
[2025-07-21 10:55:21] [DEBUG] Procesando grupo 329: Geometria_vuelo_3.pdf
[2025-07-21 10:55:21] [INFO] Grupo 329 creado: Geometria_vuelo_3.pdf (2 archivos)
[2025-07-21 10:55:21] [DEBUG] Procesando grupo 330: Geometria_vuelo_4.pdf
[2025-07-21 10:55:21] [INFO] Grupo 330 creado: Geometria_vuelo_4.pdf (2 archivos)
[2025-07-21 10:55:21] [DEBUG] Procesando grupo 331: Geometria_vuelo_5.pdf
[2025-07-21 10:55:21] [INFO] Grupo 331 creado: Geometria_vuelo_5.pdf (2 archivos)
[2025-07-21 10:55:21] [DEBUG] Procesando grupo 332: Geometria_vuelo.html
[2025-07-21 10:55:21] [INFO] Grupo 332 creado: Geometria_vuelo.html (2 archivos)
[2025-07-21 10:55:21] [DEBUG] Procesando grupo 333: Geometria_vuelo.pdf
[2025-07-21 10:55:21] [INFO] Grupo 333 creado: Geometria_vuelo.pdf (2 archivos)
[2025-07-21 10:55:21] [DEBUG] Procesando grupo 334: Geometria_vuelo.Rmd
[2025-07-21 10:55:21] [INFO] Grupo 334 creado: Geometria_vuelo.Rmd (2 archivos)
[2025-07-21 10:55:21] [DEBUG] Procesando grupo 335: git_commit_smart.sh
[2025-07-21 10:55:21] [INFO] Grupo 335 creado: git_commit_smart.sh (2 archivos)
[2025-07-21 10:55:21] [DEBUG] Procesando grupo 336: grafgr.jpg
[2025-07-21 10:55:21] [INFO] Grupo 336 creado: grafgr.jpg (2 archivos)
[2025-07-21 10:55:21] [DEBUG] Procesando grupo 337: grafica_A.png
[2025-07-21 10:55:21] [INFO] Grupo 337 creado: grafica_A.png (5 archivos)
[2025-07-21 10:55:21] [DEBUG] Procesando grupo 338: grafica_B.png
[2025-07-21 10:55:21] [INFO] Grupo 338 creado: grafica_B.png (5 archivos)
[2025-07-21 10:55:21] [DEBUG] Procesando grupo 339: grafica_C.png
[2025-07-21 10:55:21] [INFO] Grupo 339 creado: grafica_C.png (5 archivos)
[2025-07-21 10:55:21] [DEBUG] Procesando grupo 340: grafica_D.png
[2025-07-21 10:55:21] [INFO] Grupo 340 creado: grafica_D.png (5 archivos)
[2025-07-21 10:55:21] [DEBUG] Procesando grupo 341: GraficaOpcion1-1.png
[2025-07-21 10:55:21] [INFO] Grupo 341 creado: GraficaOpcion1-1.png (4 archivos)
[2025-07-21 10:55:21] [DEBUG] Procesando grupo 342: grafica_opcion1.png
[2025-07-21 10:55:21] [INFO] Grupo 342 creado: grafica_opcion1.png (4 archivos)
[2025-07-21 10:55:21] [DEBUG] Procesando grupo 343: GraficaOpcion1.png
[2025-07-21 10:55:21] [INFO] Grupo 343 creado: GraficaOpcion1.png (4 archivos)
[2025-07-21 10:55:21] [DEBUG] Procesando grupo 344: GraficaOpcion2-1.png
[2025-07-21 10:55:21] [INFO] Grupo 344 creado: GraficaOpcion2-1.png (4 archivos)
[2025-07-21 10:55:21] [DEBUG] Procesando grupo 345: grafica_opcion2.png
[2025-07-21 10:55:21] [INFO] Grupo 345 creado: grafica_opcion2.png (4 archivos)
[2025-07-21 10:55:21] [DEBUG] Procesando grupo 346: GraficaOpcion2.png
[2025-07-21 10:55:21] [INFO] Grupo 346 creado: GraficaOpcion2.png (4 archivos)
[2025-07-21 10:55:21] [DEBUG] Procesando grupo 347: GraficaOpcion3-1.png
[2025-07-21 10:55:21] [INFO] Grupo 347 creado: GraficaOpcion3-1.png (4 archivos)
[2025-07-21 10:55:21] [DEBUG] Procesando grupo 348: grafica_opcion3.png
[2025-07-21 10:55:21] [INFO] Grupo 348 creado: grafica_opcion3.png (4 archivos)
[2025-07-21 10:55:21] [DEBUG] Procesando grupo 349: GraficaOpcion3.png
[2025-07-21 10:55:21] [INFO] Grupo 349 creado: GraficaOpcion3.png (4 archivos)
[2025-07-21 10:55:21] [DEBUG] Procesando grupo 350: GraficaOpcion4-1.png
[2025-07-21 10:55:21] [INFO] Grupo 350 creado: GraficaOpcion4-1.png (4 archivos)
[2025-07-21 10:55:21] [DEBUG] Procesando grupo 351: grafica_opcion4.png
[2025-07-21 10:55:21] [INFO] Grupo 351 creado: grafica_opcion4.png (4 archivos)
[2025-07-21 10:55:21] [DEBUG] Procesando grupo 352: GraficaOpcion4.png
[2025-07-21 10:55:21] [INFO] Grupo 352 creado: GraficaOpcion4.png (4 archivos)
[2025-07-21 10:55:21] [DEBUG] Procesando grupo 353: grafica.png
[2025-07-21 10:55:22] [INFO] Grupo 353 creado: grafica.png (2 archivos)
[2025-07-21 10:55:22] [DEBUG] Procesando grupo 354: grafica_poblaciones_paises.png
[2025-07-21 10:55:22] [INFO] Grupo 354 creado: grafica_poblaciones_paises.png (2 archivos)
[2025-07-21 10:55:22] [DEBUG] Procesando grupo 355: GraficaPrincipal-1.png
[2025-07-21 10:55:22] [INFO] Grupo 355 creado: GraficaPrincipal-1.png (4 archivos)
[2025-07-21 10:55:22] [DEBUG] Procesando grupo 356: grafica_principal.png
[2025-07-21 10:55:22] [INFO] Grupo 356 creado: grafica_principal.png (4 archivos)
[2025-07-21 10:55:22] [DEBUG] Procesando grupo 357: GraficaPrincipal.png
[2025-07-21 10:55:22] [INFO] Grupo 357 creado: GraficaPrincipal.png (4 archivos)
[2025-07-21 10:55:22] [DEBUG] Procesando grupo 358: grafica_solucion.png
[2025-07-21 10:55:22] [INFO] Grupo 358 creado: grafica_solucion.png (4 archivos)
[2025-07-21 10:55:22] [DEBUG] Procesando grupo 359: grafica_total.png
[2025-07-21 10:55:22] [INFO] Grupo 359 creado: grafica_total.png (2 archivos)
[2025-07-21 10:55:22] [DEBUG] Procesando grupo 360: grafico_barras.pdf
[2025-07-21 10:55:22] [INFO] Grupo 360 creado: grafico_barras.pdf (2 archivos)
[2025-07-21 10:55:22] [DEBUG] Procesando grupo 361: grafico_barras.png
[2025-07-21 10:55:22] [INFO] Grupo 361 creado: grafico_barras.png (2 archivos)
[2025-07-21 10:55:22] [DEBUG] Procesando grupo 362: grafico_circular_bienes_v0.Rmd
[2025-07-21 10:55:22] [INFO] Grupo 362 creado: grafico_circular_bienes_v0.Rmd (2 archivos)
[2025-07-21 10:55:22] [DEBUG] Procesando grupo 363: grafico_circular_bienes_v1.Rmd
[2025-07-21 10:55:22] [INFO] Grupo 363 creado: grafico_circular_bienes_v1.Rmd (2 archivos)
[2025-07-21 10:55:22] [DEBUG] Procesando grupo 364: grafico_circular_bienes_v2.Rmd
[2025-07-21 10:55:22] [INFO] Grupo 364 creado: grafico_circular_bienes_v2.Rmd (2 archivos)
[2025-07-21 10:55:22] [DEBUG] Procesando grupo 365: grafico_circular_bienes_v3.Rmd
[2025-07-21 10:55:22] [INFO] Grupo 365 creado: grafico_circular_bienes_v3.Rmd (2 archivos)
[2025-07-21 10:55:22] [DEBUG] Procesando grupo 366: grafico_circular.pdf
[2025-07-21 10:55:22] [INFO] Grupo 366 creado: grafico_circular.pdf (6 archivos)
[2025-07-21 10:55:22] [DEBUG] Procesando grupo 367: grafico_circular.png
[2025-07-21 10:55:22] [INFO] Grupo 367 creado: grafico_circular.png (2 archivos)
[2025-07-21 10:55:22] [DEBUG] Procesando grupo 368: grafico_consumo_gas.pdf
[2025-07-21 10:55:22] [INFO] Grupo 368 creado: grafico_consumo_gas.pdf (9 archivos)
[2025-07-21 10:55:22] [DEBUG] Procesando grupo 369: grafico_consumo_gas.png
[2025-07-21 10:55:22] [INFO] Grupo 369 creado: grafico_consumo_gas.png (4 archivos)
[2025-07-21 10:55:22] [DEBUG] Procesando grupo 370: grafico_exportaciones_principal.png
[2025-07-21 10:55:22] [INFO] Grupo 370 creado: grafico_exportaciones_principal.png (2 archivos)
[2025-07-21 10:55:22] [DEBUG] Procesando grupo 371: grafico_pastel.png
[2025-07-21 10:55:22] [INFO] Grupo 371 creado: grafico_pastel.png (2 archivos)
[2025-07-21 10:55:22] [DEBUG] Procesando grupo 372: hessian.txt
[2025-07-21 10:55:22] [INFO] Grupo 372 creado: hessian.txt (4 archivos)
[2025-07-21 10:55:22] [DEBUG] Procesando grupo 373: I_1796473-Opc-A2.html
[2025-07-21 10:55:22] [INFO] Grupo 373 creado: I_1796473-Opc-A2.html (2 archivos)
[2025-07-21 10:55:22] [DEBUG] Procesando grupo 374: I_1796473-Opc-A2.pdf
[2025-07-21 10:55:22] [INFO] Grupo 374 creado: I_1796473-Opc-A2.pdf (2 archivos)
[2025-07-21 10:55:22] [DEBUG] Procesando grupo 375: I_1796473-Opc-A2.Rmd
[2025-07-21 10:55:22] [INFO] Grupo 375 creado: I_1796473-Opc-A2.Rmd (3 archivos)
[2025-07-21 10:55:22] [DEBUG] Procesando grupo 376: I_1796473-Opc-A2v2.Rmd
[2025-07-21 10:55:22] [INFO] Grupo 376 creado: I_1796473-Opc-A2v2.Rmd (2 archivos)
[2025-07-21 10:55:22] [DEBUG] Procesando grupo 377: I_1796473-Opc-A2v2_.xml
[2025-07-21 10:55:22] [INFO] Grupo 377 creado: I_1796473-Opc-A2v2_.xml (2 archivos)
[2025-07-21 10:55:22] [DEBUG] Procesando grupo 378: I_1796473-Opc-A2_.xml
[2025-07-21 10:55:22] [INFO] Grupo 378 creado: I_1796473-Opc-A2_.xml (2 archivos)
[2025-07-21 10:55:22] [DEBUG] Procesando grupo 379: I_1796473-Opc-B2.Rmd
[2025-07-21 10:55:22] [INFO] Grupo 379 creado: I_1796473-Opc-B2.Rmd (3 archivos)
[2025-07-21 10:55:22] [DEBUG] Procesando grupo 380: I_1796473-Opc-B2v2_.xml
[2025-07-21 10:55:22] [INFO] Grupo 380 creado: I_1796473-Opc-B2v2_.xml (2 archivos)
[2025-07-21 10:55:22] [DEBUG] Procesando grupo 381: I_1796473-Opc-B2_.xml
[2025-07-21 10:55:22] [INFO] Grupo 381 creado: I_1796473-Opc-B2_.xml (2 archivos)
[2025-07-21 10:55:22] [DEBUG] Procesando grupo 382: I_1796473-Opc-C2.Rmd
[2025-07-21 10:55:22] [INFO] Grupo 382 creado: I_1796473-Opc-C2.Rmd (2 archivos)
[2025-07-21 10:55:22] [DEBUG] Procesando grupo 383: I_1796473-Opc-C2v2.Rmd
[2025-07-21 10:55:22] [INFO] Grupo 383 creado: I_1796473-Opc-C2v2.Rmd (2 archivos)
[2025-07-21 10:55:22] [DEBUG] Procesando grupo 384: I_1796473-Opc-C2v2_.xml
[2025-07-21 10:55:22] [INFO] Grupo 384 creado: I_1796473-Opc-C2v2_.xml (2 archivos)
[2025-07-21 10:55:22] [DEBUG] Procesando grupo 385: I_1796473-Opc-C2_.xml
[2025-07-21 10:55:22] [INFO] Grupo 385 creado: I_1796473-Opc-C2_.xml (2 archivos)
[2025-07-21 10:55:22] [DEBUG] Procesando grupo 386: I_1796473-Opc-D2.Rmd
[2025-07-21 10:55:22] [INFO] Grupo 386 creado: I_1796473-Opc-D2.Rmd (2 archivos)
[2025-07-21 10:55:22] [DEBUG] Procesando grupo 387: I_1796473-Opc-D2v2.Rmd
[2025-07-21 10:55:22] [INFO] Grupo 387 creado: I_1796473-Opc-D2v2.Rmd (2 archivos)
[2025-07-21 10:55:22] [DEBUG] Procesando grupo 388: I_1796473-Opc-D2v2_.xml
[2025-07-21 10:55:22] [INFO] Grupo 388 creado: I_1796473-Opc-D2v2_.xml (2 archivos)
[2025-07-21 10:55:22] [DEBUG] Procesando grupo 389: I_1796473-Opc-D2_.xml
[2025-07-21 10:55:22] [INFO] Grupo 389 creado: I_1796473-Opc-D2_.xml (2 archivos)
[2025-07-21 10:55:22] [DEBUG] Procesando grupo 390: icfes.html
[2025-07-21 10:55:22] [INFO] Grupo 390 creado: icfes.html (2 archivos)
[2025-07-21 10:55:22] [DEBUG] Procesando grupo 391: ICFES_Matematicas_Retroalimentacion.Rmd
[2025-07-21 10:55:22] [INFO] Grupo 391 creado: ICFES_Matematicas_Retroalimentacion.Rmd (2 archivos)
[2025-07-21 10:55:22] [DEBUG] Procesando grupo 392: icfes.md
[2025-07-21 10:55:22] [INFO] Grupo 392 creado: icfes.md (2 archivos)
[2025-07-21 10:55:22] [DEBUG] Procesando grupo 393: icfes.pdf
[2025-07-21 10:55:22] [INFO] Grupo 393 creado: icfes.pdf (2 archivos)
[2025-07-21 10:55:22] [DEBUG] Procesando grupo 394: image01.pdf
[2025-07-21 10:55:22] [INFO] Grupo 394 creado: image01.pdf (2 archivos)
[2025-07-21 10:55:22] [DEBUG] Procesando grupo 395: image01.png
[2025-07-21 10:55:22] [INFO] Grupo 395 creado: image01.png (3 archivos)
[2025-07-21 10:55:22] [DEBUG] Procesando grupo 396: image01_solution.pdf
[2025-07-21 10:55:22] [INFO] Grupo 396 creado: image01_solution.pdf (2 archivos)
[2025-07-21 10:55:22] [DEBUG] Procesando grupo 397: image01_solution.png
[2025-07-21 10:55:22] [INFO] Grupo 397 creado: image01_solution.png (2 archivos)
[2025-07-21 10:55:22] [DEBUG] Procesando grupo 398: image01.svg
[2025-07-21 10:55:22] [INFO] Grupo 398 creado: image01.svg (2 archivos)
[2025-07-21 10:55:22] [DEBUG] Procesando grupo 399: info.html
[2025-07-21 10:55:22] [INFO] Grupo 399 creado: info.html (2 archivos)
[2025-07-21 10:55:22] [DEBUG] Procesando grupo 400: info.md
[2025-07-21 10:55:22] [INFO] Grupo 400 creado: info.md (4 archivos)
[2025-07-21 10:55:22] [DEBUG] Procesando grupo 401: info.pdf
[2025-07-21 10:55:22] [INFO] Grupo 401 creado: info.pdf (2 archivos)
[2025-07-21 10:55:22] [DEBUG] Procesando grupo 402: insert_content.md
[2025-07-21 10:55:22] [INFO] Grupo 402 creado: insert_content.md (2 archivos)
[2025-07-21 10:55:22] [DEBUG] Procesando grupo 403: install_r_packages.R
[2025-07-21 10:55:22] [INFO] Grupo 403 creado: install_r_packages.R (2 archivos)
[2025-07-21 10:55:22] [DEBUG] Procesando grupo 404: interpretacion_grafica_viaje.html
[2025-07-21 10:55:22] [INFO] Grupo 404 creado: interpretacion_grafica_viaje.html (2 archivos)
[2025-07-21 10:55:22] [DEBUG] Procesando grupo 405: interpretacion_grafica_viaje.pdf
[2025-07-21 10:55:22] [INFO] Grupo 405 creado: interpretacion_grafica_viaje.pdf (2 archivos)
[2025-07-21 10:55:22] [DEBUG] Procesando grupo 406: interpretacion_grafica_viaje.Rmd
[2025-07-21 10:55:22] [INFO] Grupo 406 creado: interpretacion_grafica_viaje.Rmd (2 archivos)
[2025-07-21 10:55:22] [DEBUG] Procesando grupo 407: interpretacion_grafica_viaje_v2.html
[2025-07-21 10:55:22] [INFO] Grupo 407 creado: interpretacion_grafica_viaje_v2.html (2 archivos)
[2025-07-21 10:55:22] [DEBUG] Procesando grupo 408: interpretacion_grafica_viaje_v2.pdf
[2025-07-21 10:55:22] [INFO] Grupo 408 creado: interpretacion_grafica_viaje_v2.pdf (2 archivos)
[2025-07-21 10:55:22] [DEBUG] Procesando grupo 409: interpretacion_grafica_viaje_vers2.html
[2025-07-21 10:55:22] [INFO] Grupo 409 creado: interpretacion_grafica_viaje_vers2.html (2 archivos)
[2025-07-21 10:55:22] [DEBUG] Procesando grupo 410: interpretacion_grafica_viaje_vers2.Rmd
[2025-07-21 10:55:22] [INFO] Grupo 410 creado: interpretacion_grafica_viaje_vers2.Rmd (2 archivos)
[2025-07-21 10:55:22] [DEBUG] Procesando grupo 411: interpretacion_grafica_viaje_vers2_.xml
[2025-07-21 10:55:22] [INFO] Grupo 411 creado: interpretacion_grafica_viaje_vers2_.xml (2 archivos)
[2025-07-21 10:55:22] [DEBUG] Procesando grupo 412: interpretacion_grafica_viaje_vers3.html
[2025-07-21 10:55:22] [INFO] Grupo 412 creado: interpretacion_grafica_viaje_vers3.html (2 archivos)
[2025-07-21 10:55:22] [DEBUG] Procesando grupo 413: interpretacion_grafica_viaje_vers3.Rmd
[2025-07-21 10:55:22] [INFO] Grupo 413 creado: interpretacion_grafica_viaje_vers3.Rmd (2 archivos)
[2025-07-21 10:55:22] [DEBUG] Procesando grupo 414: interpretacion_grafica_viaje_vers3_.xml
[2025-07-21 10:55:22] [INFO] Grupo 414 creado: interpretacion_grafica_viaje_vers3_.xml (2 archivos)
[2025-07-21 10:55:22] [DEBUG] Procesando grupo 415: interpretacion_grafica_viaje_vers4.html
[2025-07-21 10:55:22] [INFO] Grupo 415 creado: interpretacion_grafica_viaje_vers4.html (2 archivos)
[2025-07-21 10:55:22] [DEBUG] Procesando grupo 416: interpretacion_grafica_viaje_vers4.Rmd
[2025-07-21 10:55:22] [INFO] Grupo 416 creado: interpretacion_grafica_viaje_vers4.Rmd (2 archivos)
[2025-07-21 10:55:22] [DEBUG] Procesando grupo 417: interpretacion_grafica_viaje_vers4_.xml
[2025-07-21 10:55:22] [INFO] Grupo 417 creado: interpretacion_grafica_viaje_vers4_.xml (2 archivos)
[2025-07-21 10:55:22] [DEBUG] Procesando grupo 418: juegos_deportivos_aleatorio_interpretacion_representacion_n2_opcA_v1_1.pdf
[2025-07-21 10:55:22] [INFO] Grupo 418 creado: juegos_deportivos_aleatorio_interpretacion_representacion_n2_opcA_v1_1.pdf (2 archivos)
[2025-07-21 10:55:22] [DEBUG] Procesando grupo 419: juegos_deportivos_aleatorio_interpretacion_representacion_n2_opcA_v1_nops_1.pdf
[2025-07-21 10:55:22] [INFO] Grupo 419 creado: juegos_deportivos_aleatorio_interpretacion_representacion_n2_opcA_v1_nops_1.pdf (2 archivos)
[2025-07-21 10:55:22] [DEBUG] Procesando grupo 420: juegos_deportivos_aleatorio_interpretacion_representacion_n2_opcA_v1.Rmd
[2025-07-21 10:55:22] [INFO] Grupo 420 creado: juegos_deportivos_aleatorio_interpretacion_representacion_n2_opcA_v1.Rmd (2 archivos)
[2025-07-21 10:55:22] [DEBUG] Procesando grupo 421: juegos_deportivos_aleatorio_interpretacion_representacion_n2_opcB_v1_1.pdf
[2025-07-21 10:55:22] [INFO] Grupo 421 creado: juegos_deportivos_aleatorio_interpretacion_representacion_n2_opcB_v1_1.pdf (2 archivos)
[2025-07-21 10:55:22] [DEBUG] Procesando grupo 422: juegos_deportivos_aleatorio_interpretacion_representacion_n2_opcB_v1_nops_1.pdf
[2025-07-21 10:55:22] [INFO] Grupo 422 creado: juegos_deportivos_aleatorio_interpretacion_representacion_n2_opcB_v1_nops_1.pdf (2 archivos)
[2025-07-21 10:55:22] [DEBUG] Procesando grupo 423: juegos_deportivos_aleatorio_interpretacion_representacion_n2_opcB_v1.Rmd
[2025-07-21 10:55:22] [INFO] Grupo 423 creado: juegos_deportivos_aleatorio_interpretacion_representacion_n2_opcB_v1.Rmd (2 archivos)
[2025-07-21 10:55:22] [DEBUG] Procesando grupo 424: lagrange.txt
[2025-07-21 10:55:22] [INFO] Grupo 424 creado: lagrange.txt (4 archivos)
[2025-07-21 10:55:22] [DEBUG] Procesando grupo 425: lm2.txt
[2025-07-21 10:55:22] [INFO] Grupo 425 creado: lm2.txt (4 archivos)
[2025-07-21 10:55:22] [DEBUG] Procesando grupo 426: lm3.txt
[2025-07-21 10:55:22] [INFO] Grupo 426 creado: lm3.txt (4 archivos)
[2025-07-21 10:55:22] [DEBUG] Procesando grupo 427: lm_csv.txt
[2025-07-21 10:55:22] [INFO] Grupo 427 creado: lm_csv.txt (2 archivos)
[2025-07-21 10:55:22] [DEBUG] Procesando grupo 428: lm.txt
[2025-07-21 10:55:22] [INFO] Grupo 428 creado: lm.txt (2 archivos)
[2025-07-21 10:55:22] [DEBUG] Procesando grupo 429: logica_puntaje_campeonato_v1_1.pdf
[2025-07-21 10:55:22] [INFO] Grupo 429 creado: logica_puntaje_campeonato_v1_1.pdf (2 archivos)
[2025-07-21 10:55:22] [DEBUG] Procesando grupo 430: logica_puntaje_campeonato_v1.html
[2025-07-21 10:55:22] [INFO] Grupo 430 creado: logica_puntaje_campeonato_v1.html (2 archivos)
[2025-07-21 10:55:22] [DEBUG] Procesando grupo 431: logica_puntaje_campeonato_v1_nops_1.pdf
[2025-07-21 10:55:22] [INFO] Grupo 431 creado: logica_puntaje_campeonato_v1_nops_1.pdf (2 archivos)
[2025-07-21 10:55:22] [DEBUG] Procesando grupo 432: logica_puntaje_campeonato_v1.pdf
[2025-07-21 10:55:22] [INFO] Grupo 432 creado: logica_puntaje_campeonato_v1.pdf (2 archivos)
[2025-07-21 10:55:22] [DEBUG] Procesando grupo 433: logica_puntaje_campeonato_v1.Rmd
[2025-07-21 10:55:22] [INFO] Grupo 433 creado: logica_puntaje_campeonato_v1.Rmd (2 archivos)
[2025-07-21 10:55:22] [DEBUG] Procesando grupo 434: logica_puntaje_campeonato_v1_.xml
[2025-07-21 10:55:22] [INFO] Grupo 434 creado: logica_puntaje_campeonato_v1_.xml (2 archivos)
[2025-07-21 10:55:22] [DEBUG] Procesando grupo 435: logicc_1.pdf
[2025-07-21 10:55:22] [INFO] Grupo 435 creado: logicc_1.pdf (2 archivos)
[2025-07-21 10:55:22] [DEBUG] Procesando grupo 436: logicc_.xml
[2025-07-21 10:55:22] [INFO] Grupo 436 creado: logicc_.xml (2 archivos)
[2025-07-21 10:55:22] [DEBUG] Procesando grupo 437: logic_TikZ_esp_1.pdf
[2025-07-21 10:55:22] [INFO] Grupo 437 creado: logic_TikZ_esp_1.pdf (3 archivos)
[2025-07-21 10:55:22] [DEBUG] Procesando grupo 438: logic_TikZ_esp.Rmd
[2025-07-21 10:55:22] [INFO] Grupo 438 creado: logic_TikZ_esp.Rmd (3 archivos)
[2025-07-21 10:55:22] [DEBUG] Procesando grupo 439: logic_TikZ.Rmd
[2025-07-21 10:55:22] [INFO] Grupo 439 creado: logic_TikZ.Rmd (3 archivos)
[2025-07-21 10:55:22] [DEBUG] Procesando grupo 440: logic_TikZ.txt
[2025-07-21 10:55:22] [INFO] Grupo 440 creado: logic_TikZ.txt (3 archivos)
[2025-07-21 10:55:22] [DEBUG] Procesando grupo 441: mcp.json
[2025-07-21 10:55:22] [INFO] Grupo 441 creado: mcp.json (8 archivos)
[2025-07-21 10:55:22] [DEBUG] Procesando grupo 442: Media-Mediana-Moda.Rmd
[2025-07-21 10:55:22] [INFO] Grupo 442 creado: Media-Mediana-Moda.Rmd (2 archivos)
[2025-07-21 10:55:22] [DEBUG] Procesando grupo 443: mediana_aleatorio_argumentacion_n2_v1.Rmd
[2025-07-21 10:55:22] [INFO] Grupo 443 creado: mediana_aleatorio_argumentacion_n2_v1.Rmd (3 archivos)
[2025-07-21 10:55:22] [DEBUG] Procesando grupo 444: mediana_aleatorio_interpretacion_n2_v1.Rmd
[2025-07-21 10:55:22] [INFO] Grupo 444 creado: mediana_aleatorio_interpretacion_n2_v1.Rmd (2 archivos)
[2025-07-21 10:55:22] [DEBUG] Procesando grupo 445: mediana_salas_cine_formulacion_ejecucion_n2_v1.Rmd
[2025-07-21 10:55:22] [INFO] Grupo 445 creado: mediana_salas_cine_formulacion_ejecucion_n2_v1.Rmd (2 archivos)
[2025-07-21 10:55:22] [DEBUG] Procesando grupo 446: mediana_salas_cine_formulacion_ejecucion_v1_1.pdf
[2025-07-21 10:55:22] [INFO] Grupo 446 creado: mediana_salas_cine_formulacion_ejecucion_v1_1.pdf (2 archivos)
[2025-07-21 10:55:22] [DEBUG] Procesando grupo 447: mediana_salas_cine_formulacion_ejecucion_v1_nops_1.pdf
[2025-07-21 10:55:22] [INFO] Grupo 447 creado: mediana_salas_cine_formulacion_ejecucion_v1_nops_1.pdf (2 archivos)
[2025-07-21 10:55:22] [DEBUG] Procesando grupo 448: messages.gotext.json
[2025-07-21 10:55:22] [INFO] Grupo 448 creado: messages.gotext.json (6 archivos)
[2025-07-21 10:55:22] [DEBUG] Procesando grupo 449: min_victorias_pie.png
[2025-07-21 10:55:22] [INFO] Grupo 449 creado: min_victorias_pie.png (2 archivos)
[2025-07-21 10:55:22] [DEBUG] Procesando grupo 450: mkall.sh
[2025-07-21 10:55:22] [INFO] Grupo 450 creado: mkall.sh (2 archivos)
[2025-07-21 10:55:22] [DEBUG] Procesando grupo 451: mkerrors.sh
[2025-07-21 10:55:22] [INFO] Grupo 451 creado: mkerrors.sh (2 archivos)
[2025-07-21 10:55:22] [DEBUG] Procesando grupo 452: moodlequiz.xml
[2025-07-21 10:55:22] [INFO] Grupo 452 creado: moodlequiz.xml (2 archivos)
[2025-07-21 10:55:22] [DEBUG] Procesando grupo 453: multiplicacion_polinomios_exponentes_argumentacion_n3_v1.Rmd
[2025-07-21 10:55:22] [INFO] Grupo 453 creado: multiplicacion_polinomios_exponentes_argumentacion_n3_v1.Rmd (2 archivos)
[2025-07-21 10:55:22] [DEBUG] Procesando grupo 454: NoSeVe.png
[2025-07-21 10:55:22] [INFO] Grupo 454 creado: NoSeVe.png (2 archivos)
[2025-07-21 10:55:22] [DEBUG] Procesando grupo 455: numeros_triangulares_sucesion_argumentacion_n2_v1_1.pdf
[2025-07-21 10:55:22] [INFO] Grupo 455 creado: numeros_triangulares_sucesion_argumentacion_n2_v1_1.pdf (2 archivos)
[2025-07-21 10:55:22] [DEBUG] Procesando grupo 456: numeros_triangulares_sucesion_argumentacion_n2_v1_nops_1.pdf
[2025-07-21 10:55:22] [INFO] Grupo 456 creado: numeros_triangulares_sucesion_argumentacion_n2_v1_nops_1.pdf (2 archivos)
[2025-07-21 10:55:22] [DEBUG] Procesando grupo 457: numeros_triangulares_sucesion_argumentacion_n2_v1.Rmd
[2025-07-21 10:55:22] [INFO] Grupo 457 creado: numeros_triangulares_sucesion_argumentacion_n2_v1.Rmd (2 archivos)
[2025-07-21 10:55:22] [DEBUG] Procesando grupo 458: opcion1.png
[2025-07-21 10:55:22] [INFO] Grupo 458 creado: opcion1.png (2 archivos)
[2025-07-21 10:55:22] [DEBUG] Procesando grupo 459: opcion2.png
[2025-07-21 10:55:22] [INFO] Grupo 459 creado: opcion2.png (2 archivos)
[2025-07-21 10:55:22] [DEBUG] Procesando grupo 460: opcion3.png
[2025-07-21 10:55:22] [INFO] Grupo 460 creado: opcion3.png (2 archivos)
[2025-07-21 10:55:22] [DEBUG] Procesando grupo 461: opcion4.png
[2025-07-21 10:55:22] [INFO] Grupo 461 creado: opcion4.png (2 archivos)
[2025-07-21 10:55:22] [DEBUG] Procesando grupo 462: opcion_a.png
[2025-07-21 10:55:22] [INFO] Grupo 462 creado: opcion_a.png (4 archivos)
[2025-07-21 10:55:22] [DEBUG] Procesando grupo 463: opcionA.png
[2025-07-21 10:55:22] [INFO] Grupo 463 creado: opcionA.png (2 archivos)
[2025-07-21 10:55:22] [DEBUG] Procesando grupo 464: opcion_b.png
[2025-07-21 10:55:22] [INFO] Grupo 464 creado: opcion_b.png (4 archivos)
[2025-07-21 10:55:22] [DEBUG] Procesando grupo 465: opcionB.png
[2025-07-21 10:55:22] [INFO] Grupo 465 creado: opcionB.png (2 archivos)
[2025-07-21 10:55:22] [DEBUG] Procesando grupo 466: opcion_c.png
[2025-07-21 10:55:22] [INFO] Grupo 466 creado: opcion_c.png (4 archivos)
[2025-07-21 10:55:22] [DEBUG] Procesando grupo 467: opcionC.png
[2025-07-21 10:55:22] [INFO] Grupo 467 creado: opcionC.png (2 archivos)
[2025-07-21 10:55:22] [DEBUG] Procesando grupo 468: opcion_d.png
[2025-07-21 10:55:22] [INFO] Grupo 468 creado: opcion_d.png (4 archivos)
[2025-07-21 10:55:22] [DEBUG] Procesando grupo 469: opcionD.png
[2025-07-21 10:55:22] [INFO] Grupo 469 creado: opcionD.png (2 archivos)
[2025-07-21 10:55:22] [DEBUG] Procesando grupo 470: operacion.png
[2025-07-21 10:55:22] [INFO] Grupo 470 creado: operacion.png (2 archivos)
[2025-07-21 10:55:22] [DEBUG] Procesando grupo 471: original.png
[2025-07-21 10:55:22] [INFO] Grupo 471 creado: original.png (2 archivos)
[2025-07-21 10:55:22] [DEBUG] Procesando grupo 472: ortocentro_alturas_triangulo_geometria_n2_v1_1.pdf
[2025-07-21 10:55:22] [INFO] Grupo 472 creado: ortocentro_alturas_triangulo_geometria_n2_v1_1.pdf (2 archivos)
[2025-07-21 10:55:22] [DEBUG] Procesando grupo 473: ortocentro_alturas_triangulo_geometria_n2_v1_nops_1.pdf
[2025-07-21 10:55:22] [INFO] Grupo 473 creado: ortocentro_alturas_triangulo_geometria_n2_v1_nops_1.pdf (2 archivos)
[2025-07-21 10:55:22] [DEBUG] Procesando grupo 474: ortocentro_alturas_triangulo_geometria_n2_v1.Rmd
[2025-07-21 10:55:22] [INFO] Grupo 474 creado: ortocentro_alturas_triangulo_geometria_n2_v1.Rmd (2 archivos)
[2025-07-21 10:55:22] [DEBUG] Procesando grupo 475: out.gotext.json
[2025-07-21 10:55:22] [INFO] Grupo 475 creado: out.gotext.json (7 archivos)
[2025-07-21 10:55:22] [DEBUG] Procesando grupo 476: p25_SAI_CFA11S123.Rmd
[2025-07-21 10:55:22] [INFO] Grupo 476 creado: p25_SAI_CFA11S123.Rmd (2 archivos)
[2025-07-21 10:55:22] [DEBUG] Procesando grupo 477: P3C-Matemáticas_Evaluacion_Fin_de_Periodo_21.pdf
[2025-07-21 10:55:22] [INFO] Grupo 477 creado: P3C-Matemáticas_Evaluacion_Fin_de_Periodo_21.pdf (2 archivos)
[2025-07-21 10:55:22] [DEBUG] Procesando grupo 478: P3C-Matemáticas_Evaluacion_Fin_de_Periodo_2_sol1.pdf
[2025-07-21 10:55:22] [INFO] Grupo 478 creado: P3C-Matemáticas_Evaluacion_Fin_de_Periodo_2_sol1.pdf (2 archivos)
[2025-07-21 10:55:22] [DEBUG] Procesando grupo 479: parabrisas-01.py
[2025-07-21 10:55:22] [INFO] Grupo 479 creado: parabrisas-01.py (2 archivos)
[2025-07-21 10:55:22] [DEBUG] Procesando grupo 480: parabrisas-02.py
[2025-07-21 10:55:22] [INFO] Grupo 480 creado: parabrisas-02.py (2 archivos)
[2025-07-21 10:55:22] [DEBUG] Procesando grupo 481: parabrisas-2_1.pdf
[2025-07-21 10:55:22] [INFO] Grupo 481 creado: parabrisas-2_1.pdf (2 archivos)
[2025-07-21 10:55:22] [DEBUG] Procesando grupo 482: parabrisas-2.html
[2025-07-21 10:55:22] [INFO] Grupo 482 creado: parabrisas-2.html (2 archivos)
[2025-07-21 10:55:22] [DEBUG] Procesando grupo 483: parabrisas-2_nops_1.pdf
[2025-07-21 10:55:22] [INFO] Grupo 483 creado: parabrisas-2_nops_1.pdf (2 archivos)
[2025-07-21 10:55:22] [DEBUG] Procesando grupo 484: parabrisas-2.pdf
[2025-07-21 10:55:22] [INFO] Grupo 484 creado: parabrisas-2.pdf (2 archivos)
[2025-07-21 10:55:22] [DEBUG] Procesando grupo 485: parabrisas-2.Rmd
[2025-07-21 10:55:22] [INFO] Grupo 485 creado: parabrisas-2.Rmd (2 archivos)
[2025-07-21 10:55:22] [DEBUG] Procesando grupo 486: parabrisas-2_.xml
[2025-07-21 10:55:22] [INFO] Grupo 486 creado: parabrisas-2_.xml (2 archivos)
[2025-07-21 10:55:22] [DEBUG] Procesando grupo 487: parabrisas-A.py
[2025-07-21 10:55:22] [INFO] Grupo 487 creado: parabrisas-A.py (2 archivos)
[2025-07-21 10:55:22] [DEBUG] Procesando grupo 488: parabrisas-B.py
[2025-07-21 10:55:22] [INFO] Grupo 488 creado: parabrisas-B.py (2 archivos)
[2025-07-21 10:55:22] [DEBUG] Procesando grupo 489: parabrisas-C.py
[2025-07-21 10:55:22] [INFO] Grupo 489 creado: parabrisas-C.py (2 archivos)
[2025-07-21 10:55:22] [DEBUG] Procesando grupo 490: parabrisas-D.py
[2025-07-21 10:55:22] [INFO] Grupo 490 creado: parabrisas-D.py (2 archivos)
[2025-07-21 10:55:22] [DEBUG] Procesando grupo 491: parabrisas.html
[2025-07-21 10:55:22] [INFO] Grupo 491 creado: parabrisas.html (2 archivos)
[2025-07-21 10:55:22] [DEBUG] Procesando grupo 492: parabrisas-opciones.py
[2025-07-21 10:55:22] [INFO] Grupo 492 creado: parabrisas-opciones.py (2 archivos)
[2025-07-21 10:55:22] [DEBUG] Procesando grupo 493: parabrisas.pdf
[2025-07-21 10:55:22] [INFO] Grupo 493 creado: parabrisas.pdf (2 archivos)
[2025-07-21 10:55:22] [DEBUG] Procesando grupo 494: parabrisas.png
[2025-07-21 10:55:22] [INFO] Grupo 494 creado: parabrisas.png (2 archivos)
[2025-07-21 10:55:22] [DEBUG] Procesando grupo 495: parabrisas.Rmd
[2025-07-21 10:55:22] [INFO] Grupo 495 creado: parabrisas.Rmd (2 archivos)
[2025-07-21 10:55:22] [DEBUG] Procesando grupo 496: patient.json
[2025-07-21 10:55:22] [INFO] Grupo 496 creado: patient.json (2 archivos)
[2025-07-21 10:55:22] [DEBUG] Procesando grupo 497: PATRON_RECTANGULOS_NEGROS_GUIA.md
[2025-07-21 10:55:22] [INFO] Grupo 497 creado: PATRON_RECTANGULOS_NEGROS_GUIA.md (2 archivos)
[2025-07-21 10:55:22] [DEBUG] Procesando grupo 498: plain1.html
[2025-07-21 10:55:22] [INFO] Grupo 498 creado: plain1.html (4 archivos)
[2025-07-21 10:55:22] [DEBUG] Procesando grupo 499: plain1.pdf
[2025-07-21 10:55:22] [INFO] Grupo 499 creado: plain1.pdf (4 archivos)
[2025-07-21 10:55:22] [DEBUG] Procesando grupo 500: plain2.pdf
[2025-07-21 10:55:22] [INFO] Grupo 500 creado: plain2.pdf (2 archivos)
[2025-07-21 10:55:22] [DEBUG] Procesando grupo 501: plain3.pdf
[2025-07-21 10:55:22] [INFO] Grupo 501 creado: plain3.pdf (2 archivos)
[2025-07-21 10:55:22] [DEBUG] Procesando grupo 502: plain4.pdf
[2025-07-21 10:55:22] [INFO] Grupo 502 creado: plain4.pdf (2 archivos)
[2025-07-21 10:55:22] [DEBUG] Procesando grupo 503: plain5.pdf
[2025-07-21 10:55:22] [INFO] Grupo 503 creado: plain5.pdf (2 archivos)
[2025-07-21 10:55:22] [DEBUG] Procesando grupo 504: poblaciones_paises_graficas_lineas_interpretacion_representacion_n2_v1_1.pdf
[2025-07-21 10:55:22] [INFO] Grupo 504 creado: poblaciones_paises_graficas_lineas_interpretacion_representacion_n2_v1_1.pdf (2 archivos)
[2025-07-21 10:55:22] [DEBUG] Procesando grupo 505: poblaciones_paises_graficas_lineas_interpretacion_representacion_n2_v1.html
[2025-07-21 10:55:22] [INFO] Grupo 505 creado: poblaciones_paises_graficas_lineas_interpretacion_representacion_n2_v1.html (2 archivos)
[2025-07-21 10:55:22] [DEBUG] Procesando grupo 506: poblaciones_paises_graficas_lineas_interpretacion_representacion_n2_v1.md
[2025-07-21 10:55:22] [INFO] Grupo 506 creado: poblaciones_paises_graficas_lineas_interpretacion_representacion_n2_v1.md (2 archivos)
[2025-07-21 10:55:22] [DEBUG] Procesando grupo 507: poblaciones_paises_graficas_lineas_interpretacion_representacion_n2_v1_nops_1.pdf
[2025-07-21 10:55:22] [INFO] Grupo 507 creado: poblaciones_paises_graficas_lineas_interpretacion_representacion_n2_v1_nops_1.pdf (2 archivos)
[2025-07-21 10:55:22] [DEBUG] Procesando grupo 508: poblaciones_paises_graficas_lineas_interpretacion_representacion_n2_v1.pdf
[2025-07-21 10:55:22] [INFO] Grupo 508 creado: poblaciones_paises_graficas_lineas_interpretacion_representacion_n2_v1.pdf (2 archivos)
[2025-07-21 10:55:22] [DEBUG] Procesando grupo 509: poblaciones_paises_graficas_lineas_interpretacion_representacion_n2_v1.Rmd
[2025-07-21 10:55:22] [INFO] Grupo 509 creado: poblaciones_paises_graficas_lineas_interpretacion_representacion_n2_v1.Rmd (2 archivos)
[2025-07-21 10:55:22] [DEBUG] Procesando grupo 510: poblaciones_paises_graficas_lineas_interpretacion_representacion_n2_v1_.xml
[2025-07-21 10:55:22] [INFO] Grupo 510 creado: poblaciones_paises_graficas_lineas_interpretacion_representacion_n2_v1_.xml (2 archivos)
[2025-07-21 10:55:22] [DEBUG] Procesando grupo 511: porcentajes_grupos_poblacion_v1_1.pdf
[2025-07-21 10:55:22] [INFO] Grupo 511 creado: porcentajes_grupos_poblacion_v1_1.pdf (2 archivos)
[2025-07-21 10:55:22] [DEBUG] Procesando grupo 512: porcentajes_grupos_poblacion_v1_nops_1.pdf
[2025-07-21 10:55:22] [INFO] Grupo 512 creado: porcentajes_grupos_poblacion_v1_nops_1.pdf (2 archivos)
[2025-07-21 10:55:22] [DEBUG] Procesando grupo 513: porcentajes_grupos_poblacion_v1.Rmd
[2025-07-21 10:55:22] [INFO] Grupo 513 creado: porcentajes_grupos_poblacion_v1.Rmd (2 archivos)
[2025-07-21 10:55:22] [DEBUG] Procesando grupo 514: porcentajes_grupos_poblacion_v1_.xml
[2025-07-21 10:55:22] [INFO] Grupo 514 creado: porcentajes_grupos_poblacion_v1_.xml (2 archivos)
[2025-07-21 10:55:22] [DEBUG] Procesando grupo 515: porcentajes_ordenamiento_sabores_v1.html
[2025-07-21 10:55:22] [INFO] Grupo 515 creado: porcentajes_ordenamiento_sabores_v1.html (2 archivos)
[2025-07-21 10:55:22] [DEBUG] Procesando grupo 516: porcentajes_ordenamiento_sabores_v1.pdf
[2025-07-21 10:55:22] [INFO] Grupo 516 creado: porcentajes_ordenamiento_sabores_v1.pdf (2 archivos)
[2025-07-21 10:55:22] [DEBUG] Procesando grupo 517: porcentajes_ordenamiento_sabores_v1.Rmd
[2025-07-21 10:55:22] [INFO] Grupo 517 creado: porcentajes_ordenamiento_sabores_v1.Rmd (2 archivos)
[2025-07-21 10:55:22] [DEBUG] Procesando grupo 518: probabilidad_combinaciones_v1.html
[2025-07-21 10:55:22] [INFO] Grupo 518 creado: probabilidad_combinaciones_v1.html (2 archivos)
[2025-07-21 10:55:22] [DEBUG] Procesando grupo 519: probabilidad_combinaciones_v1.pdf
[2025-07-21 10:55:22] [INFO] Grupo 519 creado: probabilidad_combinaciones_v1.pdf (2 archivos)
[2025-07-21 10:55:22] [DEBUG] Procesando grupo 520: probabilidad_combinaciones_v1.Rmd
[2025-07-21 10:55:22] [INFO] Grupo 520 creado: probabilidad_combinaciones_v1.Rmd (2 archivos)
[2025-07-21 10:55:22] [DEBUG] Procesando grupo 521: probabilidad_condicional_tabla_contingencia_razonamiento_nivel3_v1.Rmd
[2025-07-21 10:55:22] [INFO] Grupo 521 creado: probabilidad_condicional_tabla_contingencia_razonamiento_nivel3_v1.Rmd (2 archivos)
[2025-07-21 10:55:22] [DEBUG] Procesando grupo 522: probabilidad_condicional_tabla_contingencia_razonamiento_nivel3_v2_1.pdf
[2025-07-21 10:55:22] [INFO] Grupo 522 creado: probabilidad_condicional_tabla_contingencia_razonamiento_nivel3_v2_1.pdf (2 archivos)
[2025-07-21 10:55:22] [DEBUG] Procesando grupo 523: probabilidad_condicional_tabla_contingencia_razonamiento_nivel3_v2.html
[2025-07-21 10:55:22] [INFO] Grupo 523 creado: probabilidad_condicional_tabla_contingencia_razonamiento_nivel3_v2.html (2 archivos)
[2025-07-21 10:55:22] [DEBUG] Procesando grupo 524: probabilidad_condicional_tabla_contingencia_razonamiento_nivel3_v2_nops_1.pdf
[2025-07-21 10:55:22] [INFO] Grupo 524 creado: probabilidad_condicional_tabla_contingencia_razonamiento_nivel3_v2_nops_1.pdf (2 archivos)
[2025-07-21 10:55:22] [DEBUG] Procesando grupo 525: probabilidad_condicional_tabla_contingencia_razonamiento_nivel3_v2.pdf
[2025-07-21 10:55:22] [INFO] Grupo 525 creado: probabilidad_condicional_tabla_contingencia_razonamiento_nivel3_v2.pdf (2 archivos)
[2025-07-21 10:55:22] [DEBUG] Procesando grupo 526: probabilidad_condicional_tabla_contingencia_razonamiento_nivel3_v2.Rmd
[2025-07-21 10:55:22] [INFO] Grupo 526 creado: probabilidad_condicional_tabla_contingencia_razonamiento_nivel3_v2.Rmd (2 archivos)
[2025-07-21 10:55:22] [DEBUG] Procesando grupo 527: probabilidad_condicional_tabla_contingencia_razonamiento_nivel3_v2_.xml
[2025-07-21 10:55:22] [INFO] Grupo 527 creado: probabilidad_condicional_tabla_contingencia_razonamiento_nivel3_v2_.xml (2 archivos)
[2025-07-21 10:55:22] [DEBUG] Procesando grupo 528: probabilidad_extraccion_bolas_v1.html
[2025-07-21 10:55:22] [INFO] Grupo 528 creado: probabilidad_extraccion_bolas_v1.html (2 archivos)
[2025-07-21 10:55:22] [DEBUG] Procesando grupo 529: probabilidad_extraccion_bolas_v1.pdf
[2025-07-21 10:55:22] [INFO] Grupo 529 creado: probabilidad_extraccion_bolas_v1.pdf (2 archivos)
[2025-07-21 10:55:23] [DEBUG] Procesando grupo 530: probabilidad_extraccion_bolas_v1.Rmd
[2025-07-21 10:55:23] [INFO] Grupo 530 creado: probabilidad_extraccion_bolas_v1.Rmd (2 archivos)
[2025-07-21 10:55:23] [DEBUG] Procesando grupo 531: prompt.md
[2025-07-21 10:55:23] [INFO] Grupo 531 creado: prompt.md (2 archivos)
[2025-07-21 10:55:23] [DEBUG] Procesando grupo 532: proporcionalidad_empresarial_formulacion_ejecucion_n2_v1_1.pdf
[2025-07-21 10:55:23] [INFO] Grupo 532 creado: proporcionalidad_empresarial_formulacion_ejecucion_n2_v1_1.pdf (2 archivos)
[2025-07-21 10:55:23] [DEBUG] Procesando grupo 533: proporcionalidad_empresarial_formulacion_ejecucion_n2_v1_nops_1.pdf
[2025-07-21 10:55:23] [INFO] Grupo 533 creado: proporcionalidad_empresarial_formulacion_ejecucion_n2_v1_nops_1.pdf (2 archivos)
[2025-07-21 10:55:23] [DEBUG] Procesando grupo 534: proporcionalidad_empresarial_formulacion_ejecucion_n2_v1.pdf
[2025-07-21 10:55:23] [INFO] Grupo 534 creado: proporcionalidad_empresarial_formulacion_ejecucion_n2_v1.pdf (2 archivos)
[2025-07-21 10:55:23] [DEBUG] Procesando grupo 535: proporcionalidad_empresarial_formulacion_ejecucion_n2_v1.Rmd
[2025-07-21 10:55:23] [INFO] Grupo 535 creado: proporcionalidad_empresarial_formulacion_ejecucion_n2_v1.Rmd (3 archivos)
[2025-07-21 10:55:23] [DEBUG] Procesando grupo 536: proporciones_encuesta_deportiva_v1_1.pdf
[2025-07-21 10:55:23] [INFO] Grupo 536 creado: proporciones_encuesta_deportiva_v1_1.pdf (2 archivos)
[2025-07-21 10:55:23] [DEBUG] Procesando grupo 537: proporciones_encuesta_deportiva_v1_nops_1.pdf
[2025-07-21 10:55:23] [INFO] Grupo 537 creado: proporciones_encuesta_deportiva_v1_nops_1.pdf (2 archivos)
[2025-07-21 10:55:23] [DEBUG] Procesando grupo 538: proporciones_encuesta_deportiva_v1.Rmd
[2025-07-21 10:55:23] [INFO] Grupo 538 creado: proporciones_encuesta_deportiva_v1.Rmd (2 archivos)
[2025-07-21 10:55:23] [DEBUG] Procesando grupo 539: proporciones_numerico_variacional_formulacion_ejecucion_n2_v1_1.pdf
[2025-07-21 10:55:23] [INFO] Grupo 539 creado: proporciones_numerico_variacional_formulacion_ejecucion_n2_v1_1.pdf (2 archivos)
[2025-07-21 10:55:23] [DEBUG] Procesando grupo 540: proporciones_numerico_variacional_formulacion_ejecucion_n2_v1.html
[2025-07-21 10:55:23] [INFO] Grupo 540 creado: proporciones_numerico_variacional_formulacion_ejecucion_n2_v1.html (2 archivos)
[2025-07-21 10:55:23] [DEBUG] Procesando grupo 541: proporciones_numerico_variacional_formulacion_ejecucion_n2_v1_nops_1.pdf
[2025-07-21 10:55:23] [INFO] Grupo 541 creado: proporciones_numerico_variacional_formulacion_ejecucion_n2_v1_nops_1.pdf (2 archivos)
[2025-07-21 10:55:23] [DEBUG] Procesando grupo 542: proporciones_numerico_variacional_formulacion_ejecucion_n2_v1.Rmd
[2025-07-21 10:55:23] [INFO] Grupo 542 creado: proporciones_numerico_variacional_formulacion_ejecucion_n2_v1.Rmd (2 archivos)
[2025-07-21 10:55:23] [DEBUG] Procesando grupo 543: propuesta2.html
[2025-07-21 10:55:23] [INFO] Grupo 543 creado: propuesta2.html (2 archivos)
[2025-07-21 10:55:23] [DEBUG] Procesando grupo 544: prueba_diversidad.R
[2025-07-21 10:55:23] [INFO] Grupo 544 creado: prueba_diversidad.R (2 archivos)
[2025-07-21 10:55:23] [DEBUG] Procesando grupo 545: pruebas_simplificadas.R
[2025-07-21 10:55:23] [INFO] Grupo 545 creado: pruebas_simplificadas.R (2 archivos)
[2025-07-21 10:55:23] [DEBUG] Procesando grupo 546: pruebas_unitarias_grafico_circular_bienes.R
[2025-07-21 10:55:23] [INFO] Grupo 546 creado: pruebas_unitarias_grafico_circular_bienes.R (2 archivos)
[2025-07-21 10:55:23] [DEBUG] Procesando grupo 547: pruebas_unitarias.R
[2025-07-21 10:55:23] [INFO] Grupo 547 creado: pruebas_unitarias.R (2 archivos)
[2025-07-21 10:55:23] [DEBUG] Procesando grupo 548: README.html
[2025-07-21 10:55:23] [INFO] Grupo 548 creado: README.html (14 archivos)
[2025-07-21 10:55:23] [DEBUG] Procesando grupo 549: README.md
[2025-07-21 10:55:23] [INFO] Grupo 549 creado: README.md (40 archivos)
[2025-07-21 10:55:23] [DEBUG] Procesando grupo 550: Real-07-S01-01-2024_1.pdf
[2025-07-21 10:55:23] [INFO] Grupo 550 creado: Real-07-S01-01-2024_1.pdf (2 archivos)
[2025-07-21 10:55:23] [DEBUG] Procesando grupo 551: Real-07-S01-01-2024_nops_1.pdf
[2025-07-21 10:55:23] [INFO] Grupo 551 creado: Real-07-S01-01-2024_nops_1.pdf (2 archivos)
[2025-07-21 10:55:23] [DEBUG] Procesando grupo 552: Real-07-S01-01-2024.pdf
[2025-07-21 10:55:23] [INFO] Grupo 552 creado: Real-07-S01-01-2024.pdf (2 archivos)
[2025-07-21 10:55:23] [DEBUG] Procesando grupo 553: Real-07-S01-01-2024.Rmd
[2025-07-21 10:55:23] [INFO] Grupo 553 creado: Real-07-S01-01-2024.Rmd (2 archivos)
[2025-07-21 10:55:23] [DEBUG] Procesando grupo 554: Real-07-S01-01-2024_.xml
[2025-07-21 10:55:23] [INFO] Grupo 554 creado: Real-07-S01-01-2024_.xml (2 archivos)
[2025-07-21 10:55:23] [DEBUG] Procesando grupo 555: regression.txt
[2025-07-21 10:55:23] [INFO] Grupo 555 creado: regression.txt (4 archivos)
[2025-07-21 10:55:23] [DEBUG] Procesando grupo 556: relfreq.txt
[2025-07-21 10:55:23] [INFO] Grupo 556 creado: relfreq.txt (4 archivos)
[2025-07-21 10:55:23] [DEBUG] Procesando grupo 557: replica_lab02_test.png
[2025-07-21 10:55:23] [INFO] Grupo 557 creado: replica_lab02_test.png (2 archivos)
[2025-07-21 10:55:23] [DEBUG] Procesando grupo 558: replica_lab17_test.png
[2025-07-21 10:55:23] [INFO] Grupo 558 creado: replica_lab17_test.png (2 archivos)
[2025-07-21 10:55:23] [DEBUG] Procesando grupo 559: replica_lab19_test.png
[2025-07-21 10:55:23] [INFO] Grupo 559 creado: replica_lab19_test.png (2 archivos)
[2025-07-21 10:55:23] [DEBUG] Procesando grupo 560: replica_tikz_all_png.R
[2025-07-21 10:55:23] [INFO] Grupo 560 creado: replica_tikz_all_png.R (6 archivos)
[2025-07-21 10:55:23] [DEBUG] Procesando grupo 561: replica_tikz_avanzada.R
[2025-07-21 10:55:23] [INFO] Grupo 561 creado: replica_tikz_avanzada.R (4 archivos)
[2025-07-21 10:55:23] [DEBUG] Procesando grupo 562: REPORTE_DESAFIO_MULTI_TECNOLOGIA_ICFES.md
[2025-07-21 10:55:23] [INFO] Grupo 562 creado: REPORTE_DESAFIO_MULTI_TECNOLOGIA_ICFES.md (2 archivos)
[2025-07-21 10:55:23] [DEBUG] Procesando grupo 563: REPORTE_EXPORTACIONES_INDUSTRIALES_ICFES.md
[2025-07-21 10:55:23] [INFO] Grupo 563 creado: REPORTE_EXPORTACIONES_INDUSTRIALES_ICFES.md (2 archivos)
[2025-07-21 10:55:23] [DEBUG] Procesando grupo 564: REPORTE_FINAL_NUMEROS_TRIANGULARES.md
[2025-07-21 10:55:23] [INFO] Grupo 564 creado: REPORTE_FINAL_NUMEROS_TRIANGULARES.md (2 archivos)
[2025-07-21 10:55:23] [DEBUG] Procesando grupo 565: reporte_mejoras_avanzadas.md
[2025-07-21 10:55:23] [INFO] Grupo 565 creado: reporte_mejoras_avanzadas.md (2 archivos)
[2025-07-21 10:55:23] [DEBUG] Procesando grupo 566: REPORTE_TIKZ_AVANZADO_ALL07.md
[2025-07-21 10:55:23] [INFO] Grupo 566 creado: REPORTE_TIKZ_AVANZADO_ALL07.md (2 archivos)
[2025-07-21 10:55:23] [DEBUG] Procesando grupo 567: res.png
[2025-07-21 10:55:23] [INFO] Grupo 567 creado: res.png (2 archivos)
[2025-07-21 10:55:23] [DEBUG] Procesando grupo 568: RESUMEN_IMPLEMENTACION_RECTANGULOS_NEGROS.md
[2025-07-21 10:55:23] [INFO] Grupo 568 creado: RESUMEN_IMPLEMENTACION_RECTANGULOS_NEGROS.md (2 archivos)
[2025-07-21 10:55:23] [DEBUG] Procesando grupo 569: RESUMEN_PALETAS_COLORES_IMPLEMENTADAS.md
[2025-07-21 10:55:23] [INFO] Grupo 569 creado: RESUMEN_PALETAS_COLORES_IMPLEMENTADAS.md (2 archivos)
[2025-07-21 10:55:23] [DEBUG] Procesando grupo 570: RESUMEN_TIKZ_AVANZADO_COMPLETADO.md
[2025-07-21 10:55:23] [INFO] Grupo 570 creado: RESUMEN_TIKZ_AVANZADO_COMPLETADO.md (2 archivos)
[2025-07-21 10:55:23] [DEBUG] Procesando grupo 571: Rlogo.txt
[2025-07-21 10:55:23] [INFO] Grupo 571 creado: Rlogo.txt (4 archivos)
[2025-07-21 10:55:23] [DEBUG] Procesando grupo 572: root.xml
[2025-07-21 10:55:23] [INFO] Grupo 572 creado: root.xml (2 archivos)
[2025-07-21 10:55:23] [DEBUG] Procesando grupo 573: rules.md
[2025-07-21 10:55:23] [INFO] Grupo 573 creado: rules.md (17 archivos)
[2025-07-21 10:55:23] [DEBUG] Procesando grupo 574: scatterplot.txt
[2025-07-21 10:55:23] [INFO] Grupo 574 creado: scatterplot.txt (4 archivos)
[2025-07-21 10:55:23] [DEBUG] Procesando grupo 575: sdx.pdf
[2025-07-21 10:55:23] [INFO] Grupo 575 creado: sdx.pdf (4 archivos)
[2025-07-21 10:55:23] [DEBUG] Procesando grupo 576: search_replace.md
[2025-07-21 10:55:23] [INFO] Grupo 576 creado: search_replace.md (2 archivos)
[2025-07-21 10:55:23] [DEBUG] Procesando grupo 577: semicirculos.html
[2025-07-21 10:55:23] [INFO] Grupo 577 creado: semicirculos.html (2 archivos)
[2025-07-21 10:55:23] [DEBUG] Procesando grupo 578: semicirculos_radios_problema_1.pdf
[2025-07-21 10:55:23] [INFO] Grupo 578 creado: semicirculos_radios_problema_1.pdf (2 archivos)
[2025-07-21 10:55:23] [DEBUG] Procesando grupo 579: semicirculos_radios_problema.html
[2025-07-21 10:55:23] [INFO] Grupo 579 creado: semicirculos_radios_problema.html (2 archivos)
[2025-07-21 10:55:23] [DEBUG] Procesando grupo 580: semicirculos_radios_problema_nops_1.pdf
[2025-07-21 10:55:23] [INFO] Grupo 580 creado: semicirculos_radios_problema_nops_1.pdf (2 archivos)
[2025-07-21 10:55:23] [DEBUG] Procesando grupo 581: semicirculos_radios_problema.Rmd
[2025-07-21 10:55:23] [INFO] Grupo 581 creado: semicirculos_radios_problema.Rmd (2 archivos)
[2025-07-21 10:55:23] [DEBUG] Procesando grupo 582: semicirculos_radios_problema_.xml
[2025-07-21 10:55:23] [INFO] Grupo 582 creado: semicirculos_radios_problema_.xml (2 archivos)
[2025-07-21 10:55:23] [DEBUG] Procesando grupo 583: SemilleroCloze.R
[2025-07-21 10:55:23] [INFO] Grupo 583 creado: SemilleroCloze.R (2 archivos)
[2025-07-21 10:55:23] [DEBUG] Procesando grupo 584: SemilleroMoodle.R
[2025-07-21 10:55:23] [INFO] Grupo 584 creado: SemilleroMoodle.R (15 archivos)
[2025-07-21 10:55:23] [DEBUG] Procesando grupo 585: SemilleroMoodle_v2.R
[2025-07-21 10:55:23] [INFO] Grupo 585 creado: SemilleroMoodle_v2.R (36 archivos)
[2025-07-21 10:55:23] [DEBUG] Procesando grupo 586: SemilleroPrincipal.R
[2025-07-21 10:55:23] [INFO] Grupo 586 creado: SemilleroPrincipal.R (15 archivos)
[2025-07-21 10:55:23] [DEBUG] Procesando grupo 587: SemilleroUnico2.R
[2025-07-21 10:55:23] [INFO] Grupo 587 creado: SemilleroUnico2.R (13 archivos)
[2025-07-21 10:55:23] [DEBUG] Procesando grupo 588: SemilleroUnico3.R
[2025-07-21 10:55:23] [INFO] Grupo 588 creado: SemilleroUnico3.R (7 archivos)
[2025-07-21 10:55:23] [DEBUG] Procesando grupo 589: SemilleroUnico.R
[2025-07-21 10:55:23] [INFO] Grupo 589 creado: SemilleroUnico.R (43 archivos)
[2025-07-21 10:55:23] [DEBUG] Procesando grupo 590: SemilleroUnico_Rnw_v1Cop.R
[2025-07-21 10:55:23] [INFO] Grupo 590 creado: SemilleroUnico_Rnw_v1Cop.R (2 archivos)
[2025-07-21 10:55:23] [DEBUG] Procesando grupo 591: SemilleroUnico_Rnw_v1.R
[2025-07-21 10:55:23] [INFO] Grupo 591 creado: SemilleroUnico_Rnw_v1.R (12 archivos)
[2025-07-21 10:55:23] [DEBUG] Procesando grupo 592: SemilleroUnico_v2.R
[2025-07-21 10:55:23] [INFO] Grupo 592 creado: SemilleroUnico_v2.R (37 archivos)
[2025-07-21 10:55:23] [DEBUG] Procesando grupo 593: swisscapital.txt
[2025-07-21 10:55:23] [INFO] Grupo 593 creado: swisscapital.txt (4 archivos)
[2025-07-21 10:55:23] [DEBUG] Procesando grupo 594: switzerland.txt
[2025-07-21 10:55:23] [INFO] Grupo 594 creado: switzerland.txt (4 archivos)
[2025-07-21 10:55:23] [DEBUG] Procesando grupo 595: tabla_bonificaciones.png
[2025-07-21 10:55:23] [INFO] Grupo 595 creado: tabla_bonificaciones.png (2 archivos)
[2025-07-21 10:55:23] [DEBUG] Procesando grupo 596: tabla_combinaciones.png
[2025-07-21 10:55:23] [INFO] Grupo 596 creado: tabla_combinaciones.png (2 archivos)
[2025-07-21 10:55:23] [DEBUG] Procesando grupo 597: tabla_contingencia_corregida.pdf
[2025-07-21 10:55:23] [INFO] Grupo 597 creado: tabla_contingencia_corregida.pdf (2 archivos)
[2025-07-21 10:55:23] [DEBUG] Procesando grupo 598: tabla_contingencia_corregida.png
[2025-07-21 10:55:23] [INFO] Grupo 598 creado: tabla_contingencia_corregida.png (2 archivos)
[2025-07-21 10:55:23] [DEBUG] Procesando grupo 599: tabla_datos.pdf
[2025-07-21 10:55:23] [INFO] Grupo 599 creado: tabla_datos.pdf (2 archivos)
[2025-07-21 10:55:23] [DEBUG] Procesando grupo 600: tabla_datos.png
[2025-07-21 10:55:23] [INFO] Grupo 600 creado: tabla_datos.png (4 archivos)
[2025-07-21 10:55:23] [DEBUG] Procesando grupo 601: tabla_ejemplo.png
[2025-07-21 10:55:23] [INFO] Grupo 601 creado: tabla_ejemplo.png (2 archivos)
[2025-07-21 10:55:23] [DEBUG] Procesando grupo 602: tabla_escenario_alta_bonificacion.png
[2025-07-21 10:55:23] [INFO] Grupo 602 creado: tabla_escenario_alta_bonificacion.png (2 archivos)
[2025-07-21 10:55:23] [DEBUG] Procesando grupo 603: tabla_escenario_alta_victoria.png
[2025-07-21 10:55:23] [INFO] Grupo 603 creado: tabla_escenario_alta_victoria.png (2 archivos)
[2025-07-21 10:55:23] [DEBUG] Procesando grupo 604: tabla_escenario_optimo.png
[2025-07-21 10:55:23] [INFO] Grupo 604 creado: tabla_escenario_optimo.png (2 archivos)
[2025-07-21 10:55:23] [DEBUG] Procesando grupo 605: tabla_opcion_a.png
[2025-07-21 10:55:23] [INFO] Grupo 605 creado: tabla_opcion_a.png (2 archivos)
[2025-07-21 10:55:23] [DEBUG] Procesando grupo 606: tabla_opcion_b.png
[2025-07-21 10:55:23] [INFO] Grupo 606 creado: tabla_opcion_b.png (2 archivos)
[2025-07-21 10:55:23] [DEBUG] Procesando grupo 607: tabla_opcion_c.png
[2025-07-21 10:55:23] [INFO] Grupo 607 creado: tabla_opcion_c.png (2 archivos)
[2025-07-21 10:55:23] [DEBUG] Procesando grupo 608: tabla_opcion_d.png
[2025-07-21 10:55:23] [INFO] Grupo 608 creado: tabla_opcion_d.png (2 archivos)
[2025-07-21 10:55:23] [DEBUG] Procesando grupo 609: tabla.png
[2025-07-21 10:55:23] [INFO] Grupo 609 creado: tabla.png (3 archivos)
[2025-07-21 10:55:23] [DEBUG] Procesando grupo 610: tabla_puntuacion_basica.png
[2025-07-21 10:55:23] [INFO] Grupo 610 creado: tabla_puntuacion_basica.png (2 archivos)
[2025-07-21 10:55:23] [DEBUG] Procesando grupo 611: tabla_puntuacion.png
[2025-07-21 10:55:23] [INFO] Grupo 611 creado: tabla_puntuacion.png (2 archivos)
[2025-07-21 10:55:23] [DEBUG] Procesando grupo 612: tabla_sistema_puntos_display.png
[2025-07-21 10:55:23] [INFO] Grupo 612 creado: tabla_sistema_puntos_display.png (2 archivos)
[2025-07-21 10:55:23] [DEBUG] Procesando grupo 613: table.png
[2025-07-21 10:55:23] [INFO] Grupo 613 creado: table.png (7 archivos)
[2025-07-21 10:55:23] [DEBUG] Procesando grupo 614: table.svg
[2025-07-21 10:55:23] [INFO] Grupo 614 creado: table.svg (3 archivos)
[2025-07-21 10:55:23] [DEBUG] Procesando grupo 615: test11.html
[2025-07-21 10:55:23] [INFO] Grupo 615 creado: test11.html (2 archivos)
[2025-07-21 10:55:23] [DEBUG] Procesando grupo 616: test21.html
[2025-07-21 10:55:23] [INFO] Grupo 616 creado: test21.html (2 archivos)
[2025-07-21 10:55:23] [DEBUG] Procesando grupo 617: test31.html
[2025-07-21 10:55:23] [INFO] Grupo 617 creado: test31.html (2 archivos)
[2025-07-21 10:55:23] [DEBUG] Procesando grupo 618: test_debug_valores1.html
[2025-07-21 10:55:23] [INFO] Grupo 618 creado: test_debug_valores1.html (2 archivos)
[2025-07-21 10:55:23] [DEBUG] Procesando grupo 619: test_dimensiones_corregidas1.html
[2025-07-21 10:55:23] [INFO] Grupo 619 creado: test_dimensiones_corregidas1.html (2 archivos)
[2025-07-21 10:55:23] [DEBUG] Procesando grupo 620: test_dimensiones_corregidas_pdf1.pdf
[2025-07-21 10:55:23] [INFO] Grupo 620 creado: test_dimensiones_corregidas_pdf1.pdf (2 archivos)
[2025-07-21 10:55:23] [DEBUG] Procesando grupo 621: testeo_visual.R
[2025-07-21 10:55:23] [INFO] Grupo 621 creado: testeo_visual.R (2 archivos)
[2025-07-21 10:55:23] [DEBUG] Procesando grupo 622: test_etiquetas_corregidas1.html
[2025-07-21 10:55:23] [INFO] Grupo 622 creado: test_etiquetas_corregidas1.html (2 archivos)
[2025-07-21 10:55:23] [DEBUG] Procesando grupo 623: test_etiquetas_corregidas_pdf1.pdf
[2025-07-21 10:55:23] [INFO] Grupo 623 creado: test_etiquetas_corregidas_pdf1.pdf (2 archivos)
[2025-07-21 10:55:23] [DEBUG] Procesando grupo 624: test_etiquetas_extra_grandes1.html
[2025-07-21 10:55:23] [INFO] Grupo 624 creado: test_etiquetas_extra_grandes1.html (2 archivos)
[2025-07-21 10:55:23] [DEBUG] Procesando grupo 625: test_etiquetas_extra_grandes_pdf1.pdf
[2025-07-21 10:55:23] [INFO] Grupo 625 creado: test_etiquetas_extra_grandes_pdf1.pdf (2 archivos)
[2025-07-21 10:55:23] [DEBUG] Procesando grupo 626: test_etiquetas_final1.html
[2025-07-21 10:55:23] [INFO] Grupo 626 creado: test_etiquetas_final1.html (2 archivos)
[2025-07-21 10:55:23] [DEBUG] Procesando grupo 627: test_etiquetas_grandes1.html
[2025-07-21 10:55:23] [INFO] Grupo 627 creado: test_etiquetas_grandes1.html (2 archivos)
[2025-07-21 10:55:23] [DEBUG] Procesando grupo 628: test_etiquetas_grandes_pdf1.pdf
[2025-07-21 10:55:23] [INFO] Grupo 628 creado: test_etiquetas_grandes_pdf1.pdf (2 archivos)
[2025-07-21 10:55:23] [DEBUG] Procesando grupo 629: test_etiquetas_maximas1.html
[2025-07-21 10:55:23] [INFO] Grupo 629 creado: test_etiquetas_maximas1.html (2 archivos)
[2025-07-21 10:55:23] [DEBUG] Procesando grupo 630: test_etiquetas_maximas_pdf1.pdf
[2025-07-21 10:55:23] [INFO] Grupo 630 creado: test_etiquetas_maximas_pdf1.pdf (2 archivos)
[2025-07-21 10:55:23] [DEBUG] Procesando grupo 631: test_leyenda_corregida1.html
[2025-07-21 10:55:23] [INFO] Grupo 631 creado: test_leyenda_corregida1.html (2 archivos)
[2025-07-21 10:55:23] [DEBUG] Procesando grupo 632: test_multi_tech1.html
[2025-07-21 10:55:23] [INFO] Grupo 632 creado: test_multi_tech1.html (2 archivos)
[2025-07-21 10:55:23] [DEBUG] Procesando grupo 633: test_pdf.md
[2025-07-21 10:55:23] [INFO] Grupo 633 creado: test_pdf.md (2 archivos)
[2025-07-21 10:55:23] [DEBUG] Procesando grupo 634: test_replica_avanzada.Rmd
[2025-07-21 10:55:23] [INFO] Grupo 634 creado: test_replica_avanzada.Rmd (2 archivos)
[2025-07-21 10:55:23] [DEBUG] Procesando grupo 635: test_replica_diagnostico.html
[2025-07-21 10:55:23] [INFO] Grupo 635 creado: test_replica_diagnostico.html (2 archivos)
[2025-07-21 10:55:23] [DEBUG] Procesando grupo 636: test_replica_simple.html
[2025-07-21 10:55:23] [INFO] Grupo 636 creado: test_replica_simple.html (2 archivos)
[2025-07-21 10:55:23] [DEBUG] Procesando grupo 637: test_replica_simple.Rmd
[2025-07-21 10:55:23] [INFO] Grupo 637 creado: test_replica_simple.Rmd (2 archivos)
[2025-07-21 10:55:23] [DEBUG] Procesando grupo 638: test_replica_tikz.html
[2025-07-21 10:55:23] [INFO] Grupo 638 creado: test_replica_tikz.html (6 archivos)
[2025-07-21 10:55:23] [DEBUG] Procesando grupo 639: test_replica_tikz.Rmd
[2025-07-21 10:55:23] [INFO] Grupo 639 creado: test_replica_tikz.Rmd (6 archivos)
[2025-07-21 10:55:23] [DEBUG] Procesando grupo 640: test_simple_rectangulos.R
[2025-07-21 10:55:23] [INFO] Grupo 640 creado: test_simple_rectangulos.R (2 archivos)
[2025-07-21 10:55:23] [DEBUG] Procesando grupo 641: tests-unitarios-01.R
[2025-07-21 10:55:23] [INFO] Grupo 641 creado: tests-unitarios-01.R (2 archivos)
[2025-07-21 10:55:23] [DEBUG] Procesando grupo 642: tests-unitarios-opc-A.R
[2025-07-21 10:55:23] [INFO] Grupo 642 creado: tests-unitarios-opc-A.R (2 archivos)
[2025-07-21 10:55:23] [DEBUG] Procesando grupo 643: tests-unitarios-opc-M.R
[2025-07-21 10:55:23] [INFO] Grupo 643 creado: tests-unitarios-opc-M.R (2 archivos)
[2025-07-21 10:55:23] [DEBUG] Procesando grupo 644: test_tikz_corregido1.html
[2025-07-21 10:55:23] [INFO] Grupo 644 creado: test_tikz_corregido1.html (4 archivos)
[2025-07-21 10:55:23] [DEBUG] Procesando grupo 645: test_tikz_final_moodle.xml
[2025-07-21 10:55:23] [INFO] Grupo 645 creado: test_tikz_final_moodle.xml (2 archivos)
[2025-07-21 10:55:23] [DEBUG] Procesando grupo 646: test_tikz_final_pdf1.pdf
[2025-07-21 10:55:23] [INFO] Grupo 646 creado: test_tikz_final_pdf1.pdf (2 archivos)
[2025-07-21 10:55:23] [DEBUG] Procesando grupo 647: test_tikz_original1.html
[2025-07-21 10:55:23] [INFO] Grupo 647 creado: test_tikz_original1.html (2 archivos)
[2025-07-21 10:55:23] [DEBUG] Procesando grupo 648: test_tikz_simple1.html
[2025-07-21 10:55:23] [INFO] Grupo 648 creado: test_tikz_simple1.html (2 archivos)
[2025-07-21 10:55:23] [DEBUG] Procesando grupo 649: test_tikz_volumen_moodle_v2.xml
[2025-07-21 10:55:23] [INFO] Grupo 649 creado: test_tikz_volumen_moodle_v2.xml (2 archivos)
[2025-07-21 10:55:23] [DEBUG] Procesando grupo 650: test_tikz_volumen_pdf_v41.pdf
[2025-07-21 10:55:23] [INFO] Grupo 650 creado: test_tikz_volumen_pdf_v41.pdf (2 archivos)
[2025-07-21 10:55:23] [DEBUG] Procesando grupo 651: test_tikz_volumen_v21.html
[2025-07-21 10:55:23] [INFO] Grupo 651 creado: test_tikz_volumen_v21.html (2 archivos)
[2025-07-21 10:55:23] [DEBUG] Procesando grupo 652: test_valores_fijos1.html
[2025-07-21 10:55:23] [INFO] Grupo 652 creado: test_valores_fijos1.html (2 archivos)
[2025-07-21 10:55:23] [DEBUG] Procesando grupo 653: test_visual_all07_corregido.html
[2025-07-21 10:55:23] [INFO] Grupo 653 creado: test_visual_all07_corregido.html (2 archivos)
[2025-07-21 10:55:23] [DEBUG] Procesando grupo 654: test_visual_all07.html
[2025-07-21 10:55:23] [INFO] Grupo 654 creado: test_visual_all07.html (2 archivos)
[2025-07-21 10:55:23] [DEBUG] Procesando grupo 655: test_visual_all07.Rmd
[2025-07-21 10:55:23] [INFO] Grupo 655 creado: test_visual_all07.Rmd (2 archivos)
[2025-07-21 10:55:23] [DEBUG] Procesando grupo 656: test_visual_funcional.html
[2025-07-21 10:55:23] [INFO] Grupo 656 creado: test_visual_funcional.html (2 archivos)
[2025-07-21 10:55:23] [DEBUG] Procesando grupo 657: test_visual_funcional.Rmd
[2025-07-21 10:55:23] [INFO] Grupo 657 creado: test_visual_funcional.Rmd (2 archivos)
[2025-07-21 10:55:23] [DEBUG] Procesando grupo 658: test_volumen_corregido1.html
[2025-07-21 10:55:23] [INFO] Grupo 658 creado: test_volumen_corregido1.html (2 archivos)
[2025-07-21 10:55:23] [DEBUG] Procesando grupo 659: test_volumen_corregido2.html
[2025-07-21 10:55:23] [INFO] Grupo 659 creado: test_volumen_corregido2.html (2 archivos)
[2025-07-21 10:55:23] [DEBUG] Procesando grupo 660: test_volumen_corregido_v21.html
[2025-07-21 10:55:23] [INFO] Grupo 660 creado: test_volumen_corregido_v21.html (2 archivos)
[2025-07-21 10:55:23] [DEBUG] Procesando grupo 661: test_volumen_moodle.xml
[2025-07-21 10:55:23] [INFO] Grupo 661 creado: test_volumen_moodle.xml (2 archivos)
[2025-07-21 10:55:23] [DEBUG] Procesando grupo 662: test_volumen_pdf_final1.pdf
[2025-07-21 10:55:23] [INFO] Grupo 662 creado: test_volumen_pdf_final1.pdf (2 archivos)
[2025-07-21 10:55:23] [DEBUG] Procesando grupo 663: test_volumen_pdf_v21.pdf
[2025-07-21 10:55:23] [INFO] Grupo 663 creado: test_volumen_pdf_v21.pdf (2 archivos)
[2025-07-21 10:55:23] [DEBUG] Procesando grupo 664: tikzpicture.png
[2025-07-21 10:55:23] [INFO] Grupo 664 creado: tikzpicture.png (3 archivos)
[2025-07-21 10:55:23] [DEBUG] Procesando grupo 665: tikz_plot-1.pdf
[2025-07-21 10:55:23] [INFO] Grupo 665 creado: tikz_plot-1.pdf (2 archivos)
[2025-07-21 10:55:23] [DEBUG] Procesando grupo 666: tikz_plot-1.png
[2025-07-21 10:55:23] [INFO] Grupo 666 creado: tikz_plot-1.png (2 archivos)
[2025-07-21 10:55:23] [DEBUG] Procesando grupo 667: tool_guidelines_index.md
[2025-07-21 10:55:23] [INFO] Grupo 667 creado: tool_guidelines_index.md (2 archivos)
[2025-07-21 10:55:23] [DEBUG] Procesando grupo 668: triangulo_ortocentro.png
[2025-07-21 10:55:23] [INFO] Grupo 668 creado: triangulo_ortocentro.png (2 archivos)
[2025-07-21 10:55:23] [DEBUG] Procesando grupo 669: trigonometria_punto_k1.pdf
[2025-07-21 10:55:23] [INFO] Grupo 669 creado: trigonometria_punto_k1.pdf (2 archivos)
[2025-07-21 10:55:23] [DEBUG] Procesando grupo 670: tstat2.txt
[2025-07-21 10:55:23] [INFO] Grupo 670 creado: tstat2.txt (2 archivos)
[2025-07-21 10:55:23] [DEBUG] Procesando grupo 671: tstat.txt
[2025-07-21 10:55:23] [INFO] Grupo 671 creado: tstat.txt (4 archivos)
[2025-07-21 10:55:23] [DEBUG] Procesando grupo 672: ttest.txt
[2025-07-21 10:55:23] [INFO] Grupo 672 creado: ttest.txt (4 archivos)
[2025-07-21 10:55:23] [DEBUG] Procesando grupo 673: turnos_trabajo_proporciones_pago_interpretacion_n2_v1_1.pdf
[2025-07-21 10:55:23] [INFO] Grupo 673 creado: turnos_trabajo_proporciones_pago_interpretacion_n2_v1_1.pdf (2 archivos)
[2025-07-21 10:55:23] [DEBUG] Procesando grupo 674: turnos_trabajo_proporciones_pago_interpretacion_n2_v1_nops_1.pdf
[2025-07-21 10:55:23] [INFO] Grupo 674 creado: turnos_trabajo_proporciones_pago_interpretacion_n2_v1_nops_1.pdf (2 archivos)
[2025-07-21 10:55:23] [DEBUG] Procesando grupo 675: turnos_trabajo_proporciones_pago_interpretacion_n2_v1.Rmd
[2025-07-21 10:55:23] [INFO] Grupo 675 creado: turnos_trabajo_proporciones_pago_interpretacion_n2_v1.Rmd (2 archivos)
[2025-07-21 10:55:23] [DEBUG] Procesando grupo 676: turnos_trabajo_proporciones_pago_v1_1.pdf
[2025-07-21 10:55:23] [INFO] Grupo 676 creado: turnos_trabajo_proporciones_pago_v1_1.pdf (2 archivos)
[2025-07-21 10:55:23] [DEBUG] Procesando grupo 677: turnos_trabajo_proporciones_pago_v1_nops_1.pdf
[2025-07-21 10:55:23] [INFO] Grupo 677 creado: turnos_trabajo_proporciones_pago_v1_nops_1.pdf (2 archivos)
[2025-07-21 10:55:23] [DEBUG] Procesando grupo 678: turnos_trabajo_proporciones_pago_v1.Rmd
[2025-07-21 10:55:23] [INFO] Grupo 678 creado: turnos_trabajo_proporciones_pago_v1.Rmd (2 archivos)
[2025-07-21 10:55:23] [DEBUG] Procesando grupo 679: twitter.html
[2025-07-21 10:55:23] [INFO] Grupo 679 creado: twitter.html (3 archivos)
[2025-07-21 10:55:23] [DEBUG] Procesando grupo 680: twitter.md
[2025-07-21 10:55:23] [INFO] Grupo 680 creado: twitter.md (3 archivos)
[2025-07-21 10:55:23] [DEBUG] Procesando grupo 681: validacion_completa_rectangulos_negros.R
[2025-07-21 10:55:23] [INFO] Grupo 681 creado: validacion_completa_rectangulos_negros.R (2 archivos)
[2025-07-21 10:55:23] [DEBUG] Procesando grupo 682: vaso-cilindrico.html
[2025-07-21 10:55:23] [INFO] Grupo 682 creado: vaso-cilindrico.html (2 archivos)
[2025-07-21 10:55:23] [DEBUG] Procesando grupo 683: vaso-cilindrico.pdf
[2025-07-21 10:55:23] [INFO] Grupo 683 creado: vaso-cilindrico.pdf (2 archivos)
[2025-07-21 10:55:23] [DEBUG] Procesando grupo 684: vaso-cilindrico-v1_1.pdf
[2025-07-21 10:55:23] [INFO] Grupo 684 creado: vaso-cilindrico-v1_1.pdf (2 archivos)
[2025-07-21 10:55:23] [DEBUG] Procesando grupo 685: vaso-cilindrico-v1.Rmd
[2025-07-21 10:55:23] [INFO] Grupo 685 creado: vaso-cilindrico-v1.Rmd (2 archivos)
[2025-07-21 10:55:23] [DEBUG] Procesando grupo 686: vaso-cilindrico-v1_.xml
[2025-07-21 10:55:23] [INFO] Grupo 686 creado: vaso-cilindrico-v1_.xml (2 archivos)
[2025-07-21 10:55:23] [DEBUG] Procesando grupo 687: vaso-cilindrico-v2_1.pdf
[2025-07-21 10:55:23] [INFO] Grupo 687 creado: vaso-cilindrico-v2_1.pdf (2 archivos)
[2025-07-21 10:55:23] [DEBUG] Procesando grupo 688: vaso-cilindrico-v2.Rmd
[2025-07-21 10:55:23] [INFO] Grupo 688 creado: vaso-cilindrico-v2.Rmd (2 archivos)
[2025-07-21 10:55:23] [DEBUG] Procesando grupo 689: vaso-cilindrico-v2_.xml
[2025-07-21 10:55:23] [INFO] Grupo 689 creado: vaso-cilindrico-v2_.xml (2 archivos)
[2025-07-21 10:55:23] [DEBUG] Procesando grupo 690: vaso-cilindrico-v3_1.pdf
[2025-07-21 10:55:23] [INFO] Grupo 690 creado: vaso-cilindrico-v3_1.pdf (2 archivos)
[2025-07-21 10:55:23] [DEBUG] Procesando grupo 691: vaso-cilindrico-v3.Rmd
[2025-07-21 10:55:23] [INFO] Grupo 691 creado: vaso-cilindrico-v3.Rmd (2 archivos)
[2025-07-21 10:55:23] [DEBUG] Procesando grupo 692: vaso-cilindrico-v3_.xml
[2025-07-21 10:55:23] [INFO] Grupo 692 creado: vaso-cilindrico-v3_.xml (2 archivos)
[2025-07-21 10:55:23] [DEBUG] Procesando grupo 693: vaso-cilindrico-v4_1.pdf
[2025-07-21 10:55:23] [INFO] Grupo 693 creado: vaso-cilindrico-v4_1.pdf (2 archivos)
[2025-07-21 10:55:23] [DEBUG] Procesando grupo 694: vaso-cilindrico-v4.Rmd
[2025-07-21 10:55:23] [INFO] Grupo 694 creado: vaso-cilindrico-v4.Rmd (2 archivos)
[2025-07-21 10:55:23] [DEBUG] Procesando grupo 695: vaso-cilindrico-v4_.xml
[2025-07-21 10:55:23] [INFO] Grupo 695 creado: vaso-cilindrico-v4_.xml (2 archivos)
[2025-07-21 10:55:23] [DEBUG] Procesando grupo 696: vaso-cilindrico-v5.html
[2025-07-21 10:55:23] [INFO] Grupo 696 creado: vaso-cilindrico-v5.html (2 archivos)
[2025-07-21 10:55:23] [DEBUG] Procesando grupo 697: vaso-cilindrico-v5.pdf
[2025-07-21 10:55:23] [INFO] Grupo 697 creado: vaso-cilindrico-v5.pdf (2 archivos)
[2025-07-21 10:55:23] [DEBUG] Procesando grupo 698: vaso-cilindrico-v5.Rmd
[2025-07-21 10:55:23] [INFO] Grupo 698 creado: vaso-cilindrico-v5.Rmd (2 archivos)
[2025-07-21 10:55:23] [DEBUG] Procesando grupo 699: vaso-cilindrico-v6.html
[2025-07-21 10:55:23] [INFO] Grupo 699 creado: vaso-cilindrico-v6.html (2 archivos)
[2025-07-21 10:55:23] [DEBUG] Procesando grupo 700: vaso-cilindrico-v6.Rmd
[2025-07-21 10:55:23] [INFO] Grupo 700 creado: vaso-cilindrico-v6.Rmd (3 archivos)
[2025-07-21 10:55:23] [DEBUG] Procesando grupo 701: venn_diagram.pdf
[2025-07-21 10:55:24] [INFO] Grupo 701 creado: venn_diagram.pdf (2 archivos)
[2025-07-21 10:55:24] [DEBUG] Procesando grupo 702: venn_diagram.png
[2025-07-21 10:55:24] [INFO] Grupo 702 creado: venn_diagram.png (2 archivos)
[2025-07-21 10:55:24] [DEBUG] Procesando grupo 703: visualizacion_bolas.png
[2025-07-21 10:55:24] [INFO] Grupo 703 creado: visualizacion_bolas.png (2 archivos)
[2025-07-21 10:55:24] [DEBUG] Procesando grupo 704: visualizacion_descuento.pdf
[2025-07-21 10:55:24] [INFO] Grupo 704 creado: visualizacion_descuento.pdf (2 archivos)
[2025-07-21 10:55:24] [DEBUG] Procesando grupo 705: visualizacion_descuento.png
[2025-07-21 10:55:24] [INFO] Grupo 705 creado: visualizacion_descuento.png (2 archivos)
[2025-07-21 10:55:24] [DEBUG] Procesando grupo 706: volumen_cajas_empaque_interpretacion_representacion_n2_v1_1.pdf
[2025-07-21 10:55:24] [INFO] Grupo 706 creado: volumen_cajas_empaque_interpretacion_representacion_n2_v1_1.pdf (2 archivos)
[2025-07-21 10:55:24] [DEBUG] Procesando grupo 707: volumen_cajas_empaque_interpretacion_representacion_n2_v1.html
[2025-07-21 10:55:24] [INFO] Grupo 707 creado: volumen_cajas_empaque_interpretacion_representacion_n2_v1.html (2 archivos)
[2025-07-21 10:55:24] [DEBUG] Procesando grupo 708: volumen_cajas_empaque_interpretacion_representacion_n2_v1.md
[2025-07-21 10:55:24] [INFO] Grupo 708 creado: volumen_cajas_empaque_interpretacion_representacion_n2_v1.md (2 archivos)
[2025-07-21 10:55:24] [DEBUG] Procesando grupo 709: volumen_cajas_empaque_interpretacion_representacion_n2_v1_nops_1.pdf
[2025-07-21 10:55:24] [INFO] Grupo 709 creado: volumen_cajas_empaque_interpretacion_representacion_n2_v1_nops_1.pdf (2 archivos)
[2025-07-21 10:55:24] [DEBUG] Procesando grupo 710: volumen_cajas_empaque_interpretacion_representacion_n2_v1.Rmd
[2025-07-21 10:55:24] [INFO] Grupo 710 creado: volumen_cajas_empaque_interpretacion_representacion_n2_v1.Rmd (2 archivos)
[2025-07-21 10:55:24] [DEBUG] Procesando grupo 711: volumen_cilindro_hueco_py_v1_1.pdf
[2025-07-21 10:55:24] [INFO] Grupo 711 creado: volumen_cilindro_hueco_py_v1_1.pdf (2 archivos)
[2025-07-21 10:55:24] [DEBUG] Procesando grupo 712: volumen_cilindro_hueco_py_v1.html
[2025-07-21 10:55:24] [INFO] Grupo 712 creado: volumen_cilindro_hueco_py_v1.html (2 archivos)
[2025-07-21 10:55:24] [DEBUG] Procesando grupo 713: volumen_cilindro_hueco_py_v1_nops_1.pdf
[2025-07-21 10:55:24] [INFO] Grupo 713 creado: volumen_cilindro_hueco_py_v1_nops_1.pdf (2 archivos)
[2025-07-21 10:55:24] [DEBUG] Procesando grupo 714: volumen_cilindro_hueco_py_v1.pdf
[2025-07-21 10:55:24] [INFO] Grupo 714 creado: volumen_cilindro_hueco_py_v1.pdf (2 archivos)
[2025-07-21 10:55:24] [DEBUG] Procesando grupo 715: volumen_cilindro_hueco_py_v1.Rmd
[2025-07-21 10:55:24] [INFO] Grupo 715 creado: volumen_cilindro_hueco_py_v1.Rmd (2 archivos)
[2025-07-21 10:55:24] [DEBUG] Procesando grupo 716: volumen_cilindro_hueco_py_v1_.xml
[2025-07-21 10:55:24] [INFO] Grupo 716 creado: volumen_cilindro_hueco_py_v1_.xml (2 archivos)
[2025-07-21 10:55:24] [DEBUG] Procesando grupo 717: volumen_cilindro_hueco_R_v1.html
[2025-07-21 10:55:24] [INFO] Grupo 717 creado: volumen_cilindro_hueco_R_v1.html (2 archivos)
[2025-07-21 10:55:24] [DEBUG] Procesando grupo 718: volumen_cilindro_hueco_R_v1.Rmd
[2025-07-21 10:55:24] [INFO] Grupo 718 creado: volumen_cilindro_hueco_R_v1.Rmd (2 archivos)
[2025-07-21 10:55:24] [DEBUG] Procesando grupo 719: volumen_cilindro_hueco_v1.pdf
[2025-07-21 10:55:24] [INFO] Grupo 719 creado: volumen_cilindro_hueco_v1.pdf (2 archivos)
[2025-07-21 10:55:24] [DEBUG] Procesando grupo 720: volumen_cilindro_interpretacion_v1.html
[2025-07-21 10:55:24] [INFO] Grupo 720 creado: volumen_cilindro_interpretacion_v1.html (2 archivos)
[2025-07-21 10:55:24] [DEBUG] Procesando grupo 721: volumen_cilindro_interpretacion_v1.pdf
[2025-07-21 10:55:24] [INFO] Grupo 721 creado: volumen_cilindro_interpretacion_v1.pdf (2 archivos)
[2025-07-21 10:55:24] [DEBUG] Procesando grupo 722: volumen_cilindro_interpretacion_v1.Rmd
[2025-07-21 10:55:24] [INFO] Grupo 722 creado: volumen_cilindro_interpretacion_v1.Rmd (2 archivos)
[2025-07-21 10:55:24] [DEBUG] Procesando grupo 723: volumen_cilindro_v1.html
[2025-07-21 10:55:24] [INFO] Grupo 723 creado: volumen_cilindro_v1.html (2 archivos)
[2025-07-21 10:55:24] [DEBUG] Procesando grupo 724: volumen_cilindro_v1.pdf
[2025-07-21 10:55:24] [INFO] Grupo 724 creado: volumen_cilindro_v1.pdf (2 archivos)
[2025-07-21 10:55:24] [DEBUG] Procesando grupo 725: volumen_cilindro_v1.Rmd
[2025-07-21 10:55:24] [INFO] Grupo 725 creado: volumen_cilindro_v1.Rmd (2 archivos)
[2025-07-21 10:55:24] [DEBUG] Procesando grupo 726: walkthrough.html
[2025-07-21 10:55:24] [INFO] Grupo 726 creado: walkthrough.html (9 archivos)
[2025-07-21 10:55:24] [DEBUG] Procesando grupo 727: walkthrough.md
[2025-07-21 10:55:24] [INFO] Grupo 727 creado: walkthrough.md (9 archivos)
[2025-07-21 10:55:24] [DEBUG] Procesando grupo 728: walkthrough.pdf
[2025-07-21 10:55:24] [INFO] Grupo 728 creado: walkthrough.pdf (5 archivos)
[2025-07-21 10:55:24] [INFO] Procesamiento de duplicados completado
[2025-07-21 10:55:24] [INFO] Validando integridad de la base de datos...
[2025-07-21 10:55:24] [INFO] Validación completada: 727 grupos, 0 archivos encontrados, 0 faltantes
[2025-07-21 10:55:24] [INFO] Detector completado exitosamente
